Cohort,Year,County,District,School,Grade,Subject,Scored,Category,Score,Students
1,2016,State,,,8,English,123275,Top,58.4,71993
1,2016,State,,,8,Math,123175,Top,31.2,38431
1,2016,State,,,8,Science,122955,Top,57.6,70823
1,2016,Columbia,BENTON AREA SD,BENTON MIDDLE-SR HIGH SCHOOL,8,English,61,Top,70.5,44
1,2016,Columbia,BENTON AREA SD,BENTON MIDDLE-SR HIGH SCHOOL,8,Math,61,Top,23,15
1,2016,Columbia,BENTON AREA SD,BENTON MIDDLE-SR HIGH SCHOOL,8,Science,61,Top,77,47
1,2016,Columbia,BERWICK AREA SD,BERWICK AREA MS,8,English,205,Top,51.2,105
1,2016,Columbia,BERWICK AREA SD,BERWICK AREA MS,8,Math,203,Top,29.5,60
1,2016,Columbia,BERWICK AREA SD,BERWICK AREA MS,8,Science,203,Top,58.1,118
1,2016,Columbia,BLOOMSBURG AREA SD,BLOOMSBURG AREA MS,8,English,112,Top,68.69999999999999,77
1,2016,Columbia,BLOOMSBURG AREA SD,BLOOMSBURG AREA MS,8,Math,112,Top,35.8,41
1,2016,Columbia,BLOOMSBURG AREA SD,BLOOMSBURG AREA MS,8,Science,112,Top,72.4,82
1,2016,Columbia,CENTRAL COLUMBIA SD,CENTRAL COLUMBIA MS,8,English,146,Top,71.3,105
1,2016,Columbia,CENTRAL COLUMBIA SD,CENTRAL COLUMBIA MS,8,Math,145,Top,67.6,99
1,2016,Columbia,CENTRAL COLUMBIA SD,CENTRAL COLUMBIA MS,8,Science,145,Top,75.19999999999999,110
1,2016,Columbia,MILLVILLE AREA SD,MILLVILLE AREA JSHS,8,English,62,Top,41.9,26
1,2016,Columbia,MILLVILLE AREA SD,MILLVILLE AREA JSHS,8,Math,61,Top,29.5,18
1,2016,Columbia,MILLVILLE AREA SD,MILLVILLE AREA JSHS,8,Science,60,Top,45,27
1,2016,Columbia,SOUTHERN COLUMBIA AREA SD,SOUTHERN COLUMBIA MS,8,English,118,Top,72,85
1,2016,Columbia,SOUTHERN COLUMBIA AREA SD,SOUTHERN COLUMBIA MS,8,Math,118,Top,25.4,30
1,2016,Columbia,SOUTHERN COLUMBIA AREA SD,SOUTHERN COLUMBIA MS,8,Science,118,Top,74.5,88
1,2016,Montour,DANVILLE AREA SD,DANVILLE AREA MS,8,English,184,Top,66.8,123
1,2016,Montour,DANVILLE AREA SD,DANVILLE AREA MS,8,Math,186,Top,37.1,70
1,2016,Montour,DANVILLE AREA SD,DANVILLE AREA MS,8,Science,185,Top,66.5,124
1,2016,State,,,8,English,123275,Advanced,17.5,21574
1,2016,State,,,8,Math,123175,Advanced,10.5,12934
1,2016,State,,,8,Science,122955,Advanced,27.3,33567
1,2016,Columbia,BENTON AREA SD,BENTON MIDDLE-SR HIGH SCHOOL,8,English,61,Advanced,19.7,13
1,2016,Columbia,BENTON AREA SD,BENTON MIDDLE-SR HIGH SCHOOL,8,Math,61,Advanced,6.6,5
1,2016,Columbia,BENTON AREA SD,BENTON MIDDLE-SR HIGH SCHOOL,8,Science,61,Advanced,34.4,21
1,2016,Columbia,BERWICK AREA SD,BERWICK AREA MS,8,English,205,Advanced,12.2,26
1,2016,Columbia,BERWICK AREA SD,BERWICK AREA MS,8,Math,203,Advanced,5.4,11
1,2016,Columbia,BERWICK AREA SD,BERWICK AREA MS,8,Science,203,Advanced,24.6,50
1,2016,Columbia,BLOOMSBURG AREA SD,BLOOMSBURG AREA MS,8,English,112,Advanced,21.4,24
1,2016,Columbia,BLOOMSBURG AREA SD,BLOOMSBURG AREA MS,8,Math,112,Advanced,4.5,6
1,2016,Columbia,BLOOMSBURG AREA SD,BLOOMSBURG AREA MS,8,Science,112,Advanced,31.3,36
1,2016,Columbia,CENTRAL COLUMBIA SD,CENTRAL COLUMBIA MS,8,English,146,Advanced,19.9,30
1,2016,Columbia,CENTRAL COLUMBIA SD,CENTRAL COLUMBIA MS,8,Math,145,Advanced,37.9,55
1,2016,Columbia,CENTRAL COLUMBIA SD,CENTRAL COLUMBIA MS,8,Science,145,Advanced,48.3,71
1,2016,Columbia,MILLVILLE AREA SD,MILLVILLE AREA JSHS,8,English,62,Advanced,4.8,3
1,2016,Columbia,MILLVILLE AREA SD,MILLVILLE AREA JSHS,8,Math,61,Advanced,11.5,8
1,2016,Columbia,MILLVILLE AREA SD,MILLVILLE AREA JSHS,8,Science,60,Advanced,23.3,14
1,2016,Columbia,SOUTHERN COLUMBIA AREA SD,SOUTHERN COLUMBIA MS,8,English,118,Advanced,14.4,17
1,2016,Columbia,SOUTHERN COLUMBIA AREA SD,SOUTHERN COLUMBIA MS,8,Math,118,Advanced,5.9,7
1,2016,Columbia,SOUTHERN COLUMBIA AREA SD,SOUTHERN COLUMBIA MS,8,Science,118,Advanced,34.7,41
1,2016,Montour,DANVILLE AREA SD,DANVILLE AREA MS,8,English,184,Advanced,22.8,42
1,2016,Montour,DANVILLE AREA SD,DANVILLE AREA MS,8,Math,186,Advanced,10.8,21
1,2016,Montour,DANVILLE AREA SD,DANVILLE AREA MS,8,Science,185,Advanced,37.3,70
1,2016,State,,,8,English,123275,Proficient,40.9,50420
1,2016,State,,,8,Math,123175,Proficient,20.7,25498
1,2016,State,,,8,Science,122955,Proficient,30.3,37256
1,2016,Columbia,BENTON AREA SD,BENTON MIDDLE-SR HIGH SCHOOL,8,English,61,Proficient,50.8,31
1,2016,Columbia,BENTON AREA SD,BENTON MIDDLE-SR HIGH SCHOOL,8,Math,61,Proficient,16.4,11
1,2016,Columbia,BENTON AREA SD,BENTON MIDDLE-SR HIGH SCHOOL,8,Science,61,Proficient,42.6,26
1,2016,Columbia,BERWICK AREA SD,BERWICK AREA MS,8,English,205,Proficient,39,80
1,2016,Columbia,BERWICK AREA SD,BERWICK AREA MS,8,Math,203,Proficient,24.1,49
1,2016,Columbia,BERWICK AREA SD,BERWICK AREA MS,8,Science,203,Proficient,33.5,69
1,2016,Columbia,BLOOMSBURG AREA SD,BLOOMSBURG AREA MS,8,English,112,Proficient,47.3,53
1,2016,Columbia,BLOOMSBURG AREA SD,BLOOMSBURG AREA MS,8,Math,112,Proficient,31.3,36
1,2016,Columbia,BLOOMSBURG AREA SD,BLOOMSBURG AREA MS,8,Science,112,Proficient,41.1,47
1,2016,Columbia,CENTRAL COLUMBIA SD,CENTRAL COLUMBIA MS,8,English,146,Proficient,51.4,76
1,2016,Columbia,CENTRAL COLUMBIA SD,CENTRAL COLUMBIA MS,8,Math,145,Proficient,29.7,44
1,2016,Columbia,CENTRAL COLUMBIA SD,CENTRAL COLUMBIA MS,8,Science,145,Proficient,26.9,40
1,2016,Columbia,MILLVILLE AREA SD,MILLVILLE AREA JSHS,8,English,62,Proficient,37.1,24
1,2016,Columbia,MILLVILLE AREA SD,MILLVILLE AREA JSHS,8,Math,61,Proficient,18,11
1,2016,Columbia,MILLVILLE AREA SD,MILLVILLE AREA JSHS,8,Science,60,Proficient,21.7,14
1,2016,Columbia,SOUTHERN COLUMBIA AREA SD,SOUTHERN COLUMBIA MS,8,English,118,Proficient,57.6,68
1,2016,Columbia,SOUTHERN COLUMBIA AREA SD,SOUTHERN COLUMBIA MS,8,Math,118,Proficient,19.5,24
1,2016,Columbia,SOUTHERN COLUMBIA AREA SD,SOUTHERN COLUMBIA MS,8,Science,118,Proficient,39.8,47
1,2016,Montour,DANVILLE AREA SD,DANVILLE AREA MS,8,English,184,Proficient,44,81
1,2016,Montour,DANVILLE AREA SD,DANVILLE AREA MS,8,Math,186,Proficient,26.3,49
1,2016,Montour,DANVILLE AREA SD,DANVILLE AREA MS,8,Science,185,Proficient,29.2,55
1,2016,State,,,8,English,123275,Basic,30.4,37476
1,2016,State,,,8,Math,123175,Basic,28.6,35229
1,2016,State,,,8,Science,122955,Basic,16.8,20657
1,2016,Columbia,BENTON AREA SD,BENTON MIDDLE-SR HIGH SCHOOL,8,English,61,Basic,21.3,13
1,2016,Columbia,BENTON AREA SD,BENTON MIDDLE-SR HIGH SCHOOL,8,Math,61,Basic,39.3,24
1,2016,Columbia,BENTON AREA SD,BENTON MIDDLE-SR HIGH SCHOOL,8,Science,61,Basic,14.8,10
1,2016,Columbia,BERWICK AREA SD,BERWICK AREA MS,8,English,205,Basic,38,78
1,2016,Columbia,BERWICK AREA SD,BERWICK AREA MS,8,Math,203,Basic,32.5,66
1,2016,Columbia,BERWICK AREA SD,BERWICK AREA MS,8,Science,203,Basic,17.2,35
1,2016,Columbia,BLOOMSBURG AREA SD,BLOOMSBURG AREA MS,8,English,112,Basic,26.8,31
1,2016,Columbia,BLOOMSBURG AREA SD,BLOOMSBURG AREA MS,8,Math,112,Basic,42,48
1,2016,Columbia,BLOOMSBURG AREA SD,BLOOMSBURG AREA MS,8,Science,112,Basic,18.8,22
1,2016,Columbia,CENTRAL COLUMBIA SD,CENTRAL COLUMBIA MS,8,English,146,Basic,19.9,30
1,2016,Columbia,CENTRAL COLUMBIA SD,CENTRAL COLUMBIA MS,8,Math,145,Basic,16.6,25
1,2016,Columbia,CENTRAL COLUMBIA SD,CENTRAL COLUMBIA MS,8,Science,145,Basic,14.5,22
1,2016,Columbia,MILLVILLE AREA SD,MILLVILLE AREA JSHS,8,English,62,Basic,41.9,26
1,2016,Columbia,MILLVILLE AREA SD,MILLVILLE AREA JSHS,8,Math,61,Basic,14.8,10
1,2016,Columbia,MILLVILLE AREA SD,MILLVILLE AREA JSHS,8,Science,60,Basic,25,15
1,2016,Columbia,SOUTHERN COLUMBIA AREA SD,SOUTHERN COLUMBIA MS,8,English,118,Basic,20.3,24
1,2016,Columbia,SOUTHERN COLUMBIA AREA SD,SOUTHERN COLUMBIA MS,8,Math,118,Basic,44.1,53
1,2016,Columbia,SOUTHERN COLUMBIA AREA SD,SOUTHERN COLUMBIA MS,8,Science,118,Basic,14.4,17
1,2016,Montour,DANVILLE AREA SD,DANVILLE AREA MS,8,English,184,Basic,23.4,44
1,2016,Montour,DANVILLE AREA SD,DANVILLE AREA MS,8,Math,186,Basic,36,67
1,2016,Montour,DANVILLE AREA SD,DANVILLE AREA MS,8,Science,185,Basic,17.3,33
1,2016,State,,,8,English,123275,BelowBasic,11.3,13931
1,2016,State,,,8,Math,123175,BelowBasic,40.2,49517
1,2016,State,,,8,Science,122955,BelowBasic,25.6,31477
1,2016,Columbia,BENTON AREA SD,BENTON MIDDLE-SR HIGH SCHOOL,8,English,61,BelowBasic,8.2,6
1,2016,Columbia,BENTON AREA SD,BENTON MIDDLE-SR HIGH SCHOOL,8,Math,61,BelowBasic,37.7,23
1,2016,Columbia,BENTON AREA SD,BENTON MIDDLE-SR HIGH SCHOOL,8,Science,61,BelowBasic,8.2,6
1,2016,Columbia,BERWICK AREA SD,BERWICK AREA MS,8,English,205,BelowBasic,10.7,22
1,2016,Columbia,BERWICK AREA SD,BERWICK AREA MS,8,Math,203,BelowBasic,37.9,77
1,2016,Columbia,BERWICK AREA SD,BERWICK AREA MS,8,Science,203,BelowBasic,24.6,50
1,2016,Columbia,BLOOMSBURG AREA SD,BLOOMSBURG AREA MS,8,English,112,BelowBasic,4.5,6
1,2016,Columbia,BLOOMSBURG AREA SD,BLOOMSBURG AREA MS,8,Math,112,BelowBasic,22.3,25
1,2016,Columbia,BLOOMSBURG AREA SD,BLOOMSBURG AREA MS,8,Science,112,BelowBasic,8.9,10
1,2016,Columbia,CENTRAL COLUMBIA SD,CENTRAL COLUMBIA MS,8,English,146,BelowBasic,8.9,13
1,2016,Columbia,CENTRAL COLUMBIA SD,CENTRAL COLUMBIA MS,8,Math,145,BelowBasic,15.9,24
1,2016,Columbia,CENTRAL COLUMBIA SD,CENTRAL COLUMBIA MS,8,Science,145,BelowBasic,10.3,15
1,2016,Columbia,MILLVILLE AREA SD,MILLVILLE AREA JSHS,8,English,62,BelowBasic,16.1,10
1,2016,Columbia,MILLVILLE AREA SD,MILLVILLE AREA JSHS,8,Math,61,BelowBasic,55.7,34
1,2016,Columbia,MILLVILLE AREA SD,MILLVILLE AREA JSHS,8,Science,60,BelowBasic,30,18
1,2016,Columbia,SOUTHERN COLUMBIA AREA SD,SOUTHERN COLUMBIA MS,8,English,118,BelowBasic,7.6,9
1,2016,Columbia,SOUTHERN COLUMBIA AREA SD,SOUTHERN COLUMBIA MS,8,Math,118,BelowBasic,30.5,36
1,2016,Columbia,SOUTHERN COLUMBIA AREA SD,SOUTHERN COLUMBIA MS,8,Science,118,BelowBasic,11,13
1,2016,Montour,DANVILLE AREA SD,DANVILLE AREA MS,8,English,184,BelowBasic,9.8,19
1,2016,Montour,DANVILLE AREA SD,DANVILLE AREA MS,8,Math,186,BelowBasic,26.9,51
1,2016,Montour,DANVILLE AREA SD,DANVILLE AREA MS,8,Science,185,BelowBasic,16.2,30
1,2019,State,,,11,Math,119742,Top,63.300000000000004,75797
1,2019,State,,,11,Science,118506,Top,63.199999999999996,74896
1,2019,State,,,11,English,118885,Top,71.5,85003
1,2019,Columbia,BENTON AREA SD,BENTON AREA HS,11,Math,54,Top,81.5,45
1,2019,Columbia,BENTON AREA SD,BENTON AREA HS,11,Science,54,Top,90.7,49
1,2019,Columbia,BENTON AREA SD,BENTON AREA HS,11,English,54,Top,85.2,47
1,2019,Columbia,BERWICK AREA SD,BERWICK AREA HS,11,Math,153,Top,66.6,102
1,2019,Columbia,BERWICK AREA SD,BERWICK AREA HS,11,Science,152,Top,65.8,101
1,2019,Columbia,BERWICK AREA SD,BERWICK AREA HS,11,English,152,Top,69.1,106
1,2019,Columbia,BLOOMSBURG AREA SD,BLOOMSBURG AREA HS,11,Math,77,Top,83.19999999999999,65
1,2019,Columbia,BLOOMSBURG AREA SD,BLOOMSBURG AREA HS,11,Science,84,Top,78.6,67
1,2019,Columbia,BLOOMSBURG AREA SD,BLOOMSBURG AREA HS,11,English,84,Top,78.60000000000001,67
1,2019,Columbia,CENTRAL COLUMBIA SD,CENTRAL COLUMBIA SHS,11,Math,120,Top,86.7,105
1,2019,Columbia,CENTRAL COLUMBIA SD,CENTRAL COLUMBIA SHS,11,Science,123,Top,88.6,109
1,2019,Columbia,CENTRAL COLUMBIA SD,CENTRAL COLUMBIA SHS,11,English,123,Top,88.6,109
1,2019,Columbia,COLUMBIA-MONTOUR AVTS,COLUMBIA-MONTOUR AVTS,11,Math,147,Top,53.7,79
1,2019,Columbia,COLUMBIA-MONTOUR AVTS,COLUMBIA-MONTOUR AVTS,11,Science,148,Top,46,69
1,2019,Columbia,COLUMBIA-MONTOUR AVTS,COLUMBIA-MONTOUR AVTS,11,English,147,Top,49,73
1,2019,Columbia,MILLVILLE AREA SD,MILLVILLE AREA JSHS,11,Math,46,Top,54.3,25
1,2019,Columbia,MILLVILLE AREA SD,MILLVILLE AREA JSHS,11,Science,46,Top,54.3,25
1,2019,Columbia,MILLVILLE AREA SD,MILLVILLE AREA JSHS,11,English,46,Top,69.60000000000001,33
1,2019,Columbia,SOUTHERN COLUMBIA AREA SD,SOUTHERN COLUMBIA HS,11,Math,103,Top,91.3,95
1,2019,Columbia,SOUTHERN COLUMBIA AREA SD,SOUTHERN COLUMBIA HS,11,Science,103,Top,89.3,92
1,2019,Columbia,SOUTHERN COLUMBIA AREA SD,SOUTHERN COLUMBIA HS,11,English,103,Top,89.30000000000001,92
1,2019,Columbia,SUSQ-CYBER CS,SUSQ-CYBER CS,11,Science,11,Top,18.2,3
1,2019,Montour,DANVILLE AREA SD,DANVILLE AREA SHS,11,Math,152,Top,77.6,118
1,2019,Montour,DANVILLE AREA SD,DANVILLE AREA SHS,11,Science,157,Top,81.5,128
1,2019,Montour,DANVILLE AREA SD,DANVILLE AREA SHS,11,English,157,Top,85.9,135
1,2019,State,,,11,Math,119742,Advanced,24.6,29457
1,2019,State,,,11,Science,118506,Advanced,26.4,31286
1,2019,State,,,11,English,118885,Advanced,13.1,15574
1,2019,Columbia,BENTON AREA SD,BENTON AREA HS,11,Math,54,Advanced,25.9,14
1,2019,Columbia,BENTON AREA SD,BENTON AREA HS,11,Science,54,Advanced,40.7,22
1,2019,Columbia,BENTON AREA SD,BENTON AREA HS,11,English,54,Advanced,9.3,6
1,2019,Columbia,BERWICK AREA SD,BERWICK AREA HS,11,Math,153,Advanced,17.6,27
1,2019,Columbia,BERWICK AREA SD,BERWICK AREA HS,11,Science,152,Advanced,22.4,35
1,2019,Columbia,BERWICK AREA SD,BERWICK AREA HS,11,English,152,Advanced,3.3,6
1,2019,Columbia,BLOOMSBURG AREA SD,BLOOMSBURG AREA HS,11,Math,77,Advanced,36.4,29
1,2019,Columbia,BLOOMSBURG AREA SD,BLOOMSBURG AREA HS,11,Science,84,Advanced,22.6,19
1,2019,Columbia,BLOOMSBURG AREA SD,BLOOMSBURG AREA HS,11,English,84,Advanced,10.7,9
1,2019,Columbia,CENTRAL COLUMBIA SD,CENTRAL COLUMBIA SHS,11,Math,120,Advanced,36.7,45
1,2019,Columbia,CENTRAL COLUMBIA SD,CENTRAL COLUMBIA SHS,11,Science,123,Advanced,37.4,47
1,2019,Columbia,CENTRAL COLUMBIA SD,CENTRAL COLUMBIA SHS,11,English,123,Advanced,23.6,30
1,2019,Columbia,COLUMBIA-MONTOUR AVTS,COLUMBIA-MONTOUR AVTS,11,Math,147,Advanced,15.6,23
1,2019,Columbia,COLUMBIA-MONTOUR AVTS,COLUMBIA-MONTOUR AVTS,11,Science,148,Advanced,14.2,22
1,2019,Columbia,COLUMBIA-MONTOUR AVTS,COLUMBIA-MONTOUR AVTS,11,English,147,Advanced,0.7,2
1,2019,Columbia,MILLVILLE AREA SD,MILLVILLE AREA JSHS,11,Math,46,Advanced,21.7,10
1,2019,Columbia,MILLVILLE AREA SD,MILLVILLE AREA JSHS,11,Science,46,Advanced,21.7,10
1,2019,Columbia,MILLVILLE AREA SD,MILLVILLE AREA JSHS,11,English,46,Advanced,10.9,6
1,2019,Columbia,SOUTHERN COLUMBIA AREA SD,SOUTHERN COLUMBIA HS,11,Math,103,Advanced,14.6,16
1,2019,Columbia,SOUTHERN COLUMBIA AREA SD,SOUTHERN COLUMBIA HS,11,Science,103,Advanced,24.3,26
1,2019,Columbia,SOUTHERN COLUMBIA AREA SD,SOUTHERN COLUMBIA HS,11,English,103,Advanced,18.4,19
1,2019,Columbia,SUSQ-CYBER CS,SUSQ-CYBER CS,11,Science,11,Advanced,9.1,2
1,2019,Montour,DANVILLE AREA SD,DANVILLE AREA SHS,11,Math,152,Advanced,45.4,70
1,2019,Montour,DANVILLE AREA SD,DANVILLE AREA SHS,11,Science,157,Advanced,43.3,68
1,2019,Montour,DANVILLE AREA SD,DANVILLE AREA SHS,11,English,157,Advanced,19.7,31
1,2019,State,,,11,Math,119742,Proficient,38.7,46341
1,2019,State,,,11,Science,118506,Proficient,36.8,43611
1,2019,State,,,11,English,118885,Proficient,58.4,69429
1,2019,Columbia,BENTON AREA SD,BENTON AREA HS,11,Math,54,Proficient,55.6,31
1,2019,Columbia,BENTON AREA SD,BENTON AREA HS,11,Science,54,Proficient,50,27
1,2019,Columbia,BENTON AREA SD,BENTON AREA HS,11,English,54,Proficient,75.9,41
1,2019,Columbia,BERWICK AREA SD,BERWICK AREA HS,11,Math,153,Proficient,49,75
1,2019,Columbia,BERWICK AREA SD,BERWICK AREA HS,11,Science,152,Proficient,43.4,66
1,2019,Columbia,BERWICK AREA SD,BERWICK AREA HS,11,English,152,Proficient,65.8,101
1,2019,Columbia,BLOOMSBURG AREA SD,BLOOMSBURG AREA HS,11,Math,77,Proficient,46.8,37
1,2019,Columbia,BLOOMSBURG AREA SD,BLOOMSBURG AREA HS,11,Science,84,Proficient,56,48
1,2019,Columbia,BLOOMSBURG AREA SD,BLOOMSBURG AREA HS,11,English,84,Proficient,67.9,58
1,2019,Columbia,CENTRAL COLUMBIA SD,CENTRAL COLUMBIA SHS,11,Math,120,Proficient,50,60
1,2019,Columbia,CENTRAL COLUMBIA SD,CENTRAL COLUMBIA SHS,11,Science,123,Proficient,51.2,63
1,2019,Columbia,CENTRAL COLUMBIA SD,CENTRAL COLUMBIA SHS,11,English,123,Proficient,65,80
1,2019,Columbia,COLUMBIA-MONTOUR AVTS,COLUMBIA-MONTOUR AVTS,11,Math,147,Proficient,38.1,57
1,2019,Columbia,COLUMBIA-MONTOUR AVTS,COLUMBIA-MONTOUR AVTS,11,Science,148,Proficient,31.8,48
1,2019,Columbia,COLUMBIA-MONTOUR AVTS,COLUMBIA-MONTOUR AVTS,11,English,147,Proficient,48.3,72
1,2019,Columbia,MILLVILLE AREA SD,MILLVILLE AREA JSHS,11,Math,46,Proficient,32.6,15
1,2019,Columbia,MILLVILLE AREA SD,MILLVILLE AREA JSHS,11,Science,46,Proficient,32.6,15
1,2019,Columbia,MILLVILLE AREA SD,MILLVILLE AREA JSHS,11,English,46,Proficient,58.7,28
1,2019,Columbia,SOUTHERN COLUMBIA AREA SD,SOUTHERN COLUMBIA HS,11,Math,103,Proficient,76.7,80
1,2019,Columbia,SOUTHERN COLUMBIA AREA SD,SOUTHERN COLUMBIA HS,11,Science,103,Proficient,65,67
1,2019,Columbia,SOUTHERN COLUMBIA AREA SD,SOUTHERN COLUMBIA HS,11,English,103,Proficient,70.9,74
1,2019,Columbia,SUSQ-CYBER CS,SUSQ-CYBER CS,11,Science,11,Proficient,9.1,2
1,2019,Montour,DANVILLE AREA SD,DANVILLE AREA SHS,11,Math,152,Proficient,32.2,49
1,2019,Montour,DANVILLE AREA SD,DANVILLE AREA SHS,11,Science,157,Proficient,38.2,60
1,2019,Montour,DANVILLE AREA SD,DANVILLE AREA SHS,11,English,157,Proficient,66.2,104
1,2019,State,,,11,Math,119742,Basic,26.2,31373
1,2019,State,,,11,Science,118506,Basic,20.5,24294
1,2019,State,,,11,English,118885,Basic,18.9,22470
1,2019,Columbia,BENTON AREA SD,BENTON AREA HS,11,Math,54,Basic,14.8,8
1,2019,Columbia,BENTON AREA SD,BENTON AREA HS,11,Science,54,Basic,3.7,2
1,2019,Columbia,BENTON AREA SD,BENTON AREA HS,11,English,54,Basic,9.3,6
1,2019,Columbia,BERWICK AREA SD,BERWICK AREA HS,11,Math,153,Basic,25.5,40
1,2019,Columbia,BERWICK AREA SD,BERWICK AREA HS,11,Science,152,Basic,21.1,33
1,2019,Columbia,BERWICK AREA SD,BERWICK AREA HS,11,English,152,Basic,27,42
1,2019,Columbia,BLOOMSBURG AREA SD,BLOOMSBURG AREA HS,11,Math,77,Basic,15.6,13
1,2019,Columbia,BLOOMSBURG AREA SD,BLOOMSBURG AREA HS,11,Science,84,Basic,19,16
1,2019,Columbia,BLOOMSBURG AREA SD,BLOOMSBURG AREA HS,11,English,84,Basic,17.9,16
1,2019,Columbia,CENTRAL COLUMBIA SD,CENTRAL COLUMBIA SHS,11,Math,120,Basic,10.8,13
1,2019,Columbia,CENTRAL COLUMBIA SD,CENTRAL COLUMBIA SHS,11,Science,123,Basic,7.3,9
1,2019,Columbia,CENTRAL COLUMBIA SD,CENTRAL COLUMBIA SHS,11,English,123,Basic,8.9,11
1,2019,Columbia,COLUMBIA-MONTOUR AVTS,COLUMBIA-MONTOUR AVTS,11,Math,147,Basic,33.3,49
1,2019,Columbia,COLUMBIA-MONTOUR AVTS,COLUMBIA-MONTOUR AVTS,11,Science,148,Basic,29.7,44
1,2019,Columbia,COLUMBIA-MONTOUR AVTS,COLUMBIA-MONTOUR AVTS,11,English,147,Basic,41.5,62
1,2019,Columbia,MILLVILLE AREA SD,MILLVILLE AREA JSHS,11,Math,46,Basic,23.9,11
1,2019,Columbia,MILLVILLE AREA SD,MILLVILLE AREA JSHS,11,Science,46,Basic,21.7,10
1,2019,Columbia,MILLVILLE AREA SD,MILLVILLE AREA JSHS,11,English,46,Basic,10.9,6
1,2019,Columbia,SOUTHERN COLUMBIA AREA SD,SOUTHERN COLUMBIA HS,11,Math,103,Basic,6.8,8
1,2019,Columbia,SOUTHERN COLUMBIA AREA SD,SOUTHERN COLUMBIA HS,11,Science,103,Basic,6.8,8
1,2019,Columbia,SOUTHERN COLUMBIA AREA SD,SOUTHERN COLUMBIA HS,11,English,103,Basic,8.7,9
1,2019,Columbia,SUSQ-CYBER CS,SUSQ-CYBER CS,11,Science,11,Basic,54.5,6
1,2019,Montour,DANVILLE AREA SD,DANVILLE AREA SHS,11,Math,152,Basic,16.4,25
1,2019,Montour,DANVILLE AREA SD,DANVILLE AREA SHS,11,Science,157,Basic,8.3,14
1,2019,Montour,DANVILLE AREA SD,DANVILLE AREA SHS,11,English,157,Basic,7.6,12
1,2019,State,,,11,Math,119742,BelowBasic,10.5,12573
1,2019,State,,,11,Science,118506,BelowBasic,16.3,19317
1,2019,State,,,11,English,118885,BelowBasic,9.6,11413
1,2019,Columbia,BENTON AREA SD,BENTON AREA HS,11,Math,54,BelowBasic,3.7,2
1,2019,Columbia,BENTON AREA SD,BENTON AREA HS,11,Science,54,BelowBasic,5.6,4
1,2019,Columbia,BENTON AREA SD,BENTON AREA HS,11,English,54,BelowBasic,5.6,4
1,2019,Columbia,BERWICK AREA SD,BERWICK AREA HS,11,Math,153,BelowBasic,7.8,12
1,2019,Columbia,BERWICK AREA SD,BERWICK AREA HS,11,Science,152,BelowBasic,13.2,21
1,2019,Columbia,BERWICK AREA SD,BERWICK AREA HS,11,English,152,BelowBasic,3.9,6
1,2019,Columbia,BLOOMSBURG AREA SD,BLOOMSBURG AREA HS,11,Math,77,BelowBasic,1.3,2
1,2019,Columbia,BLOOMSBURG AREA SD,BLOOMSBURG AREA HS,11,Science,84,BelowBasic,2.4,3
1,2019,Columbia,BLOOMSBURG AREA SD,BLOOMSBURG AREA HS,11,English,84,BelowBasic,3.6,4
1,2019,Columbia,CENTRAL COLUMBIA SD,CENTRAL COLUMBIA SHS,11,Math,120,BelowBasic,2.5,3
1,2019,Columbia,CENTRAL COLUMBIA SD,CENTRAL COLUMBIA SHS,11,Science,123,BelowBasic,4.1,6
1,2019,Columbia,CENTRAL COLUMBIA SD,CENTRAL COLUMBIA SHS,11,English,123,BelowBasic,2.4,3
1,2019,Columbia,COLUMBIA-MONTOUR AVTS,COLUMBIA-MONTOUR AVTS,11,Math,147,BelowBasic,12.9,19
1,2019,Columbia,COLUMBIA-MONTOUR AVTS,COLUMBIA-MONTOUR AVTS,11,Science,148,BelowBasic,24.3,36
1,2019,Columbia,COLUMBIA-MONTOUR AVTS,COLUMBIA-MONTOUR AVTS,11,English,147,BelowBasic,9.5,14
1,2019,Columbia,MILLVILLE AREA SD,MILLVILLE AREA JSHS,11,Math,46,BelowBasic,21.7,10
1,2019,Columbia,MILLVILLE AREA SD,MILLVILLE AREA JSHS,11,Science,46,BelowBasic,23.9,11
1,2019,Columbia,MILLVILLE AREA SD,MILLVILLE AREA JSHS,11,English,46,BelowBasic,19.6,10
1,2019,Columbia,SOUTHERN COLUMBIA AREA SD,SOUTHERN COLUMBIA HS,11,Math,103,BelowBasic,1.9,2
1,2019,Columbia,SOUTHERN COLUMBIA AREA SD,SOUTHERN COLUMBIA HS,11,Science,103,BelowBasic,3.9,5
1,2019,Columbia,SOUTHERN COLUMBIA AREA SD,SOUTHERN COLUMBIA HS,11,English,103,BelowBasic,1.9,2
1,2019,Columbia,SUSQ-CYBER CS,SUSQ-CYBER CS,11,Science,11,BelowBasic,27.3,4
1,2019,Montour,DANVILLE AREA SD,DANVILLE AREA SHS,11,Math,152,BelowBasic,5.9,9
1,2019,Montour,DANVILLE AREA SD,DANVILLE AREA SHS,11,Science,157,BelowBasic,10.2,17
1,2019,Montour,DANVILLE AREA SD,DANVILLE AREA SHS,11,English,157,BelowBasic,6.4,11
2,2016,State,,,6,English,125263,Top,61.599999999999994,77163
2,2016,State,,,6,Math,125305,Top,41,51376
2,2016,Columbia,BENTON AREA SD,APPLEMAN EL SCH,6,English,59,Top,69.5,42
2,2016,Columbia,BENTON AREA SD,APPLEMAN EL SCH,6,Math,59,Top,33.9,21
2,2016,Columbia,BERWICK AREA SD,BERWICK AREA MS,6,English,215,Top,59,127
2,2016,Columbia,BERWICK AREA SD,BERWICK AREA MS,6,Math,216,Top,38.9,85
2,2016,Columbia,BERWICK AREA SD,FOURTEENTH STREET EL,6,English,1,Top,NA,NA
2,2016,Columbia,BLOOMSBURG AREA SD,BLOOMSBURG AREA MS,6,English,133,Top,53.400000000000006,72
2,2016,Columbia,BLOOMSBURG AREA SD,BLOOMSBURG AREA MS,6,Math,133,Top,41.3,55
2,2016,Columbia,CENTRAL COLUMBIA SD,CENTRAL COLUMBIA MS,6,English,120,Top,75.9,92
2,2016,Columbia,CENTRAL COLUMBIA SD,CENTRAL COLUMBIA MS,6,Math,120,Top,61.7,75
2,2016,Columbia,MILLVILLE AREA SD,MILLVILLE AREA EL SC,6,English,58,Top,44.9,27
2,2016,Columbia,MILLVILLE AREA SD,MILLVILLE AREA EL SC,6,Math,58,Top,19,12
2,2016,Columbia,SOUTHERN COLUMBIA AREA SD,SOUTHERN COLUMBIA MS,6,English,122,Top,68.9,85
2,2016,Columbia,SOUTHERN COLUMBIA AREA SD,SOUTHERN COLUMBIA MS,6,Math,122,Top,43.4,53
2,2016,Montour,DANVILLE AREA SD,DANVILLE AREA MS,6,English,186,Top,68.8,128
2,2016,Montour,DANVILLE AREA SD,DANVILLE AREA MS,6,Math,187,Top,49.2,93
2,2016,State,,,6,English,125263,Advanced,22.7,28435
2,2016,State,,,6,Math,125305,Advanced,16.9,21177
2,2016,Columbia,BENTON AREA SD,APPLEMAN EL SCH,6,English,59,Advanced,13.6,9
2,2016,Columbia,BENTON AREA SD,APPLEMAN EL SCH,6,Math,59,Advanced,8.5,6
2,2016,Columbia,BERWICK AREA SD,BERWICK AREA MS,6,English,215,Advanced,20.9,45
2,2016,Columbia,BERWICK AREA SD,BERWICK AREA MS,6,Math,216,Advanced,10.2,23
2,2016,Columbia,BERWICK AREA SD,FOURTEENTH STREET EL,6,English,1,Advanced,NA,NA
2,2016,Columbia,BLOOMSBURG AREA SD,BLOOMSBURG AREA MS,6,English,133,Advanced,21.8,29
2,2016,Columbia,BLOOMSBURG AREA SD,BLOOMSBURG AREA MS,6,Math,133,Advanced,18,24
2,2016,Columbia,CENTRAL COLUMBIA SD,CENTRAL COLUMBIA MS,6,English,120,Advanced,29.2,36
2,2016,Columbia,CENTRAL COLUMBIA SD,CENTRAL COLUMBIA MS,6,Math,120,Advanced,29.2,36
2,2016,Columbia,MILLVILLE AREA SD,MILLVILLE AREA EL SC,6,English,58,Advanced,12.1,8
2,2016,Columbia,MILLVILLE AREA SD,MILLVILLE AREA EL SC,6,Math,58,Advanced,6.9,5
2,2016,Columbia,SOUTHERN COLUMBIA AREA SD,SOUTHERN COLUMBIA MS,6,English,122,Advanced,28.7,36
2,2016,Columbia,SOUTHERN COLUMBIA AREA SD,SOUTHERN COLUMBIA MS,6,Math,122,Advanced,13.1,16
2,2016,Montour,DANVILLE AREA SD,DANVILLE AREA MS,6,English,186,Advanced,26.9,51
2,2016,Montour,DANVILLE AREA SD,DANVILLE AREA MS,6,Math,187,Advanced,23.5,44
2,2016,State,,,6,English,125263,Proficient,38.9,48728
2,2016,State,,,6,Math,125305,Proficient,24.1,30199
2,2016,Columbia,BENTON AREA SD,APPLEMAN EL SCH,6,English,59,Proficient,55.9,33
2,2016,Columbia,BENTON AREA SD,APPLEMAN EL SCH,6,Math,59,Proficient,25.4,15
2,2016,Columbia,BERWICK AREA SD,BERWICK AREA MS,6,English,215,Proficient,38.1,82
2,2016,Columbia,BERWICK AREA SD,BERWICK AREA MS,6,Math,216,Proficient,28.7,62
2,2016,Columbia,BERWICK AREA SD,FOURTEENTH STREET EL,6,English,1,Proficient,NA,NA
2,2016,Columbia,BLOOMSBURG AREA SD,BLOOMSBURG AREA MS,6,English,133,Proficient,31.6,43
2,2016,Columbia,BLOOMSBURG AREA SD,BLOOMSBURG AREA MS,6,Math,133,Proficient,23.3,31
2,2016,Columbia,CENTRAL COLUMBIA SD,CENTRAL COLUMBIA MS,6,English,120,Proficient,46.7,57
2,2016,Columbia,CENTRAL COLUMBIA SD,CENTRAL COLUMBIA MS,6,Math,120,Proficient,32.5,39
2,2016,Columbia,MILLVILLE AREA SD,MILLVILLE AREA EL SC,6,English,58,Proficient,32.8,20
2,2016,Columbia,MILLVILLE AREA SD,MILLVILLE AREA EL SC,6,Math,58,Proficient,12.1,8
2,2016,Columbia,SOUTHERN COLUMBIA AREA SD,SOUTHERN COLUMBIA MS,6,English,122,Proficient,40.2,50
2,2016,Columbia,SOUTHERN COLUMBIA AREA SD,SOUTHERN COLUMBIA MS,6,Math,122,Proficient,30.3,37
2,2016,Montour,DANVILLE AREA SD,DANVILLE AREA MS,6,English,186,Proficient,41.9,78
2,2016,Montour,DANVILLE AREA SD,DANVILLE AREA MS,6,Math,187,Proficient,25.7,49
2,2016,State,,,6,English,125263,Basic,29.8,37329
2,2016,State,,,6,Math,125305,Basic,28.8,36088
2,2016,Columbia,BENTON AREA SD,APPLEMAN EL SCH,6,English,59,Basic,28.8,17
2,2016,Columbia,BENTON AREA SD,APPLEMAN EL SCH,6,Math,59,Basic,45.8,28
2,2016,Columbia,BERWICK AREA SD,BERWICK AREA MS,6,English,215,Basic,34,74
2,2016,Columbia,BERWICK AREA SD,BERWICK AREA MS,6,Math,216,Basic,35.2,77
2,2016,Columbia,BERWICK AREA SD,FOURTEENTH STREET EL,6,English,1,Basic,NA,NA
2,2016,Columbia,BLOOMSBURG AREA SD,BLOOMSBURG AREA MS,6,English,133,Basic,40.6,54
2,2016,Columbia,BLOOMSBURG AREA SD,BLOOMSBURG AREA MS,6,Math,133,Basic,36.1,49
2,2016,Columbia,CENTRAL COLUMBIA SD,CENTRAL COLUMBIA MS,6,English,120,Basic,22.5,27
2,2016,Columbia,CENTRAL COLUMBIA SD,CENTRAL COLUMBIA MS,6,Math,120,Basic,24.2,30
2,2016,Columbia,MILLVILLE AREA SD,MILLVILLE AREA EL SC,6,English,58,Basic,48.3,29
2,2016,Columbia,MILLVILLE AREA SD,MILLVILLE AREA EL SC,6,Math,58,Basic,50,29
2,2016,Columbia,SOUTHERN COLUMBIA AREA SD,SOUTHERN COLUMBIA MS,6,English,122,Basic,26.2,32
2,2016,Columbia,SOUTHERN COLUMBIA AREA SD,SOUTHERN COLUMBIA MS,6,Math,122,Basic,31.1,38
2,2016,Montour,DANVILLE AREA SD,DANVILLE AREA MS,6,English,186,Basic,26.9,51
2,2016,Montour,DANVILLE AREA SD,DANVILLE AREA MS,6,Math,187,Basic,29.9,56
2,2016,State,,,6,English,125263,BelowBasic,8.6,10773
2,2016,State,,,6,Math,125305,BelowBasic,30.1,37717
2,2016,Columbia,BENTON AREA SD,APPLEMAN EL SCH,6,English,59,BelowBasic,1.7,2
2,2016,Columbia,BENTON AREA SD,APPLEMAN EL SCH,6,Math,59,BelowBasic,20.3,12
2,2016,Columbia,BERWICK AREA SD,BERWICK AREA MS,6,English,215,BelowBasic,7,16
2,2016,Columbia,BERWICK AREA SD,BERWICK AREA MS,6,Math,216,BelowBasic,25.9,56
2,2016,Columbia,BERWICK AREA SD,FOURTEENTH STREET EL,6,English,1,BelowBasic,NA,NA
2,2016,Columbia,BLOOMSBURG AREA SD,BLOOMSBURG AREA MS,6,English,133,BelowBasic,6,8
2,2016,Columbia,BLOOMSBURG AREA SD,BLOOMSBURG AREA MS,6,Math,133,BelowBasic,22.6,31
2,2016,Columbia,CENTRAL COLUMBIA SD,CENTRAL COLUMBIA MS,6,English,120,BelowBasic,1.7,3
2,2016,Columbia,CENTRAL COLUMBIA SD,CENTRAL COLUMBIA MS,6,Math,120,BelowBasic,14.2,18
2,2016,Columbia,MILLVILLE AREA SD,MILLVILLE AREA EL SC,6,English,58,BelowBasic,6.9,5
2,2016,Columbia,MILLVILLE AREA SD,MILLVILLE AREA EL SC,6,Math,58,BelowBasic,31,18
2,2016,Columbia,SOUTHERN COLUMBIA AREA SD,SOUTHERN COLUMBIA MS,6,English,122,BelowBasic,4.9,6
2,2016,Columbia,SOUTHERN COLUMBIA AREA SD,SOUTHERN COLUMBIA MS,6,Math,122,BelowBasic,25.4,31
2,2016,Montour,DANVILLE AREA SD,DANVILLE AREA MS,6,English,186,BelowBasic,4.3,8
2,2016,Montour,DANVILLE AREA SD,DANVILLE AREA MS,6,Math,187,BelowBasic,20.9,40
2,2017,State,,,7,Math,125744,Top,59.400000000000006,74692
2,2017,State,,,7,English,125584,Top,37.8,47471
2,2017,Columbia,BENTON AREA SD,BENTON MIDDLE-SR HIGH SCHOOL,7,English,60,Top,61.599999999999994,37
2,2017,Columbia,BENTON AREA SD,BENTON MIDDLE-SR HIGH SCHOOL,7,Math,60,Top,15,9
2,2017,Columbia,BERWICK AREA SD,BERWICK AREA MS,7,English,220,Top,46.400000000000006,103
2,2017,Columbia,BERWICK AREA SD,BERWICK AREA MS,7,Math,221,Top,27.2,61
2,2017,Columbia,BLOOMSBURG AREA SD,BLOOMSBURG AREA MS,7,English,126,Top,58,74
2,2017,Columbia,BLOOMSBURG AREA SD,BLOOMSBURG AREA MS,7,Math,127,Top,32.3,42
2,2017,Columbia,CENTRAL COLUMBIA SD,CENTRAL COLUMBIA MS,7,English,125,Top,80.8,101
2,2017,Columbia,CENTRAL COLUMBIA SD,CENTRAL COLUMBIA MS,7,Math,125,Top,64.80000000000001,82
2,2017,Columbia,MILLVILLE AREA SD,MILLVILLE AREA JSHS,7,English,54,Top,35.2,20
2,2017,Columbia,MILLVILLE AREA SD,MILLVILLE AREA JSHS,7,Math,60,Top,10,6
2,2017,Columbia,SOUTHERN COLUMBIA AREA SD,SOUTHERN COLUMBIA MS,7,English,128,Top,55.5,72
2,2017,Columbia,SOUTHERN COLUMBIA AREA SD,SOUTHERN COLUMBIA MS,7,Math,128,Top,52.300000000000004,67
2,2017,Montour,DANVILLE AREA SD,DANVILLE AREA MS,7,English,186,Top,70.4,131
2,2017,Montour,DANVILLE AREA SD,DANVILLE AREA MS,7,Math,186,Top,45.2,85
2,2017,State,,,7,Math,125744,Advanced,19.3,24269
2,2017,State,,,7,English,125584,Advanced,15.7,19717
2,2017,Columbia,BENTON AREA SD,BENTON MIDDLE-SR HIGH SCHOOL,7,English,60,Advanced,18.3,11
2,2017,Columbia,BENTON AREA SD,BENTON MIDDLE-SR HIGH SCHOOL,7,Math,60,Advanced,3.3,2
2,2017,Columbia,BERWICK AREA SD,BERWICK AREA MS,7,English,220,Advanced,12.3,28
2,2017,Columbia,BERWICK AREA SD,BERWICK AREA MS,7,Math,221,Advanced,6.8,16
2,2017,Columbia,BLOOMSBURG AREA SD,BLOOMSBURG AREA MS,7,English,126,Advanced,17.5,23
2,2017,Columbia,BLOOMSBURG AREA SD,BLOOMSBURG AREA MS,7,Math,127,Advanced,13.4,18
2,2017,Columbia,CENTRAL COLUMBIA SD,CENTRAL COLUMBIA MS,7,English,125,Advanced,30.4,38
2,2017,Columbia,CENTRAL COLUMBIA SD,CENTRAL COLUMBIA MS,7,Math,125,Advanced,35.2,45
2,2017,Columbia,MILLVILLE AREA SD,MILLVILLE AREA JSHS,7,English,54,Advanced,9.3,6
2,2017,Columbia,MILLVILLE AREA SD,MILLVILLE AREA JSHS,7,Math,60,Advanced,8.3,5
2,2017,Columbia,SOUTHERN COLUMBIA AREA SD,SOUTHERN COLUMBIA MS,7,English,128,Advanced,18,24
2,2017,Columbia,SOUTHERN COLUMBIA AREA SD,SOUTHERN COLUMBIA MS,7,Math,128,Advanced,15.6,20
2,2017,Montour,DANVILLE AREA SD,DANVILLE AREA MS,7,English,186,Advanced,27.4,51
2,2017,Montour,DANVILLE AREA SD,DANVILLE AREA MS,7,Math,186,Advanced,21,40
2,2017,State,,,7,Math,125744,Proficient,40.1,50424
2,2017,State,,,7,English,125584,Proficient,22.1,27755
2,2017,Columbia,BENTON AREA SD,BENTON MIDDLE-SR HIGH SCHOOL,7,English,60,Proficient,43.3,26
2,2017,Columbia,BENTON AREA SD,BENTON MIDDLE-SR HIGH SCHOOL,7,Math,60,Proficient,11.7,8
2,2017,Columbia,BERWICK AREA SD,BERWICK AREA MS,7,English,220,Proficient,34.1,76
2,2017,Columbia,BERWICK AREA SD,BERWICK AREA MS,7,Math,221,Proficient,20.4,46
2,2017,Columbia,BLOOMSBURG AREA SD,BLOOMSBURG AREA MS,7,English,126,Proficient,40.5,52
2,2017,Columbia,BLOOMSBURG AREA SD,BLOOMSBURG AREA MS,7,Math,127,Proficient,18.9,25
2,2017,Columbia,CENTRAL COLUMBIA SD,CENTRAL COLUMBIA MS,7,English,125,Proficient,50.4,63
2,2017,Columbia,CENTRAL COLUMBIA SD,CENTRAL COLUMBIA MS,7,Math,125,Proficient,29.6,38
2,2017,Columbia,MILLVILLE AREA SD,MILLVILLE AREA JSHS,7,English,54,Proficient,25.9,14
2,2017,Columbia,MILLVILLE AREA SD,MILLVILLE AREA JSHS,7,Math,60,Proficient,1.7,2
2,2017,Columbia,SOUTHERN COLUMBIA AREA SD,SOUTHERN COLUMBIA MS,7,English,128,Proficient,37.5,48
2,2017,Columbia,SOUTHERN COLUMBIA AREA SD,SOUTHERN COLUMBIA MS,7,Math,128,Proficient,36.7,47
2,2017,Montour,DANVILLE AREA SD,DANVILLE AREA MS,7,English,186,Proficient,43,80
2,2017,Montour,DANVILLE AREA SD,DANVILLE AREA MS,7,Math,186,Proficient,24.2,46
2,2017,State,,,7,Math,125744,Basic,36.9,46400
2,2017,State,,,7,English,125584,Basic,25.2,31648
2,2017,Columbia,BENTON AREA SD,BENTON MIDDLE-SR HIGH SCHOOL,7,English,60,Basic,36.7,23
2,2017,Columbia,BENTON AREA SD,BENTON MIDDLE-SR HIGH SCHOOL,7,Math,60,Basic,40,24
2,2017,Columbia,BERWICK AREA SD,BERWICK AREA MS,7,English,220,Basic,50.9,112
2,2017,Columbia,BERWICK AREA SD,BERWICK AREA MS,7,Math,221,Basic,30.3,67
2,2017,Columbia,BLOOMSBURG AREA SD,BLOOMSBURG AREA MS,7,English,126,Basic,41.3,53
2,2017,Columbia,BLOOMSBURG AREA SD,BLOOMSBURG AREA MS,7,Math,127,Basic,36.2,46
2,2017,Columbia,CENTRAL COLUMBIA SD,CENTRAL COLUMBIA MS,7,English,125,Basic,16.8,21
2,2017,Columbia,CENTRAL COLUMBIA SD,CENTRAL COLUMBIA MS,7,Math,125,Basic,18.4,23
2,2017,Columbia,MILLVILLE AREA SD,MILLVILLE AREA JSHS,7,English,54,Basic,64.8,35
2,2017,Columbia,MILLVILLE AREA SD,MILLVILLE AREA JSHS,7,Math,60,Basic,23.3,14
2,2017,Columbia,SOUTHERN COLUMBIA AREA SD,SOUTHERN COLUMBIA MS,7,English,128,Basic,42.2,55
2,2017,Columbia,SOUTHERN COLUMBIA AREA SD,SOUTHERN COLUMBIA MS,7,Math,128,Basic,18.8,25
2,2017,Montour,DANVILLE AREA SD,DANVILLE AREA MS,7,English,186,Basic,26.3,49
2,2017,Montour,DANVILLE AREA SD,DANVILLE AREA MS,7,Math,186,Basic,30.1,56
2,2017,State,,,7,Math,125744,BelowBasic,3.6,4527
2,2017,State,,,7,English,125584,BelowBasic,37,46467
2,2017,Columbia,BENTON AREA SD,BENTON MIDDLE-SR HIGH SCHOOL,7,English,60,BelowBasic,1.7,2
2,2017,Columbia,BENTON AREA SD,BENTON MIDDLE-SR HIGH SCHOOL,7,Math,60,BelowBasic,45,27
2,2017,Columbia,BERWICK AREA SD,BERWICK AREA MS,7,English,220,BelowBasic,2.7,6
2,2017,Columbia,BERWICK AREA SD,BERWICK AREA MS,7,Math,221,BelowBasic,42.5,94
2,2017,Columbia,BLOOMSBURG AREA SD,BLOOMSBURG AREA MS,7,English,126,BelowBasic,0.8,2
2,2017,Columbia,BLOOMSBURG AREA SD,BLOOMSBURG AREA MS,7,Math,127,BelowBasic,31.5,41
2,2017,Columbia,CENTRAL COLUMBIA SD,CENTRAL COLUMBIA MS,7,English,125,BelowBasic,2.4,3
2,2017,Columbia,CENTRAL COLUMBIA SD,CENTRAL COLUMBIA MS,7,Math,125,BelowBasic,16.8,21
2,2017,Columbia,MILLVILLE AREA SD,MILLVILLE AREA JSHS,7,English,54,BelowBasic,0,0
2,2017,Columbia,MILLVILLE AREA SD,MILLVILLE AREA JSHS,7,Math,60,BelowBasic,66.7,41
2,2017,Columbia,SOUTHERN COLUMBIA AREA SD,SOUTHERN COLUMBIA MS,7,English,128,BelowBasic,2.3,3
2,2017,Columbia,SOUTHERN COLUMBIA AREA SD,SOUTHERN COLUMBIA MS,7,Math,128,BelowBasic,28.9,37
2,2017,Montour,DANVILLE AREA SD,DANVILLE AREA MS,7,English,186,BelowBasic,3.2,6
2,2017,Montour,DANVILLE AREA SD,DANVILLE AREA MS,7,Math,186,BelowBasic,24.7,46
2,2018,State,,,8,English,124907,Top,61.5,76818
2,2018,State,,,8,Math,124780,Top,31,38682
2,2018,State,,,8,Science,124417,Top,53.9,67061
2,2018,Columbia,BENTON AREA SD,BENTON MIDDLE-SR HIGH SCHOOL,8,English,58,Top,55.2,33
2,2018,Columbia,BENTON AREA SD,BENTON MIDDLE-SR HIGH SCHOOL,8,Math,58,Top,41.4,25
2,2018,Columbia,BENTON AREA SD,BENTON MIDDLE-SR HIGH SCHOOL,8,Science,58,Top,65.6,39
2,2018,Columbia,BERWICK AREA SD,BERWICK AREA MS,8,English,209,Top,52.7,111
2,2018,Columbia,BERWICK AREA SD,BERWICK AREA MS,8,Math,210,Top,25.2,53
2,2018,Columbia,BERWICK AREA SD,BERWICK AREA MS,8,Science,208,Top,45.6,95
2,2018,Columbia,BLOOMSBURG AREA SD,BLOOMSBURG AREA MS,8,English,122,Top,72.1,88
2,2018,Columbia,BLOOMSBURG AREA SD,BLOOMSBURG AREA MS,8,Math,123,Top,30.9,39
2,2018,Columbia,BLOOMSBURG AREA SD,BLOOMSBURG AREA MS,8,Science,122,Top,72.1,88
2,2018,Columbia,CENTRAL COLUMBIA SD,CENTRAL COLUMBIA MS,8,English,135,Top,76.3,104
2,2018,Columbia,CENTRAL COLUMBIA SD,CENTRAL COLUMBIA MS,8,Math,135,Top,61.5,84
2,2018,Columbia,CENTRAL COLUMBIA SD,CENTRAL COLUMBIA MS,8,Science,135,Top,71.8,97
2,2018,Columbia,MILLVILLE AREA SD,MILLVILLE AREA JSHS,8,English,60,Top,55,33
2,2018,Columbia,MILLVILLE AREA SD,MILLVILLE AREA JSHS,8,Math,60,Top,11.600000000000001,7
2,2018,Columbia,MILLVILLE AREA SD,MILLVILLE AREA JSHS,8,Science,60,Top,50,30
2,2018,Columbia,SOUTHERN COLUMBIA AREA SD,SOUTHERN COLUMBIA MS,8,English,128,Top,64.1,83
2,2018,Columbia,SOUTHERN COLUMBIA AREA SD,SOUTHERN COLUMBIA MS,8,Math,128,Top,35.1,45
2,2018,Columbia,SOUTHERN COLUMBIA AREA SD,SOUTHERN COLUMBIA MS,8,Science,128,Top,55.400000000000006,71
2,2018,Montour,DANVILLE AREA SD,DANVILLE AREA MS,8,English,187,Top,73.8,139
2,2018,Montour,DANVILLE AREA SD,DANVILLE AREA MS,8,Math,189,Top,41.8,80
2,2018,Montour,DANVILLE AREA SD,DANVILLE AREA MS,8,Science,189,Top,67.19999999999999,128
2,2018,State,,,8,English,124907,Advanced,14.4,17987
2,2018,State,,,8,Math,124780,Advanced,10.8,13477
2,2018,State,,,8,Science,124417,Advanced,20.4,25382
2,2018,Columbia,BENTON AREA SD,BENTON MIDDLE-SR HIGH SCHOOL,8,English,58,Advanced,8.6,5
2,2018,Columbia,BENTON AREA SD,BENTON MIDDLE-SR HIGH SCHOOL,8,Math,58,Advanced,8.6,5
2,2018,Columbia,BENTON AREA SD,BENTON MIDDLE-SR HIGH SCHOOL,8,Science,58,Advanced,19,12
2,2018,Columbia,BERWICK AREA SD,BERWICK AREA MS,8,English,209,Advanced,7.7,17
2,2018,Columbia,BERWICK AREA SD,BERWICK AREA MS,8,Math,210,Advanced,6.2,14
2,2018,Columbia,BERWICK AREA SD,BERWICK AREA MS,8,Science,208,Advanced,11.5,24
2,2018,Columbia,BLOOMSBURG AREA SD,BLOOMSBURG AREA MS,8,English,122,Advanced,26.2,32
2,2018,Columbia,BLOOMSBURG AREA SD,BLOOMSBURG AREA MS,8,Math,123,Advanced,6.5,8
2,2018,Columbia,BLOOMSBURG AREA SD,BLOOMSBURG AREA MS,8,Science,122,Advanced,35.2,43
2,2018,Columbia,CENTRAL COLUMBIA SD,CENTRAL COLUMBIA MS,8,English,135,Advanced,25.9,35
2,2018,Columbia,CENTRAL COLUMBIA SD,CENTRAL COLUMBIA MS,8,Math,135,Advanced,34.1,47
2,2018,Columbia,CENTRAL COLUMBIA SD,CENTRAL COLUMBIA MS,8,Science,135,Advanced,34.8,47
2,2018,Columbia,MILLVILLE AREA SD,MILLVILLE AREA JSHS,8,English,60,Advanced,15,9
2,2018,Columbia,MILLVILLE AREA SD,MILLVILLE AREA JSHS,8,Math,60,Advanced,3.3,2
2,2018,Columbia,MILLVILLE AREA SD,MILLVILLE AREA JSHS,8,Science,60,Advanced,20,12
2,2018,Columbia,SOUTHERN COLUMBIA AREA SD,SOUTHERN COLUMBIA MS,8,English,128,Advanced,13.3,18
2,2018,Columbia,SOUTHERN COLUMBIA AREA SD,SOUTHERN COLUMBIA MS,8,Math,128,Advanced,7,9
2,2018,Columbia,SOUTHERN COLUMBIA AREA SD,SOUTHERN COLUMBIA MS,8,Science,128,Advanced,14.8,19
2,2018,Montour,DANVILLE AREA SD,DANVILLE AREA MS,8,English,187,Advanced,26.2,49
2,2018,Montour,DANVILLE AREA SD,DANVILLE AREA MS,8,Math,189,Advanced,19.6,38
2,2018,Montour,DANVILLE AREA SD,DANVILLE AREA MS,8,Science,189,Advanced,33.3,63
2,2018,State,,,8,English,124907,Proficient,47.1,58832
2,2018,State,,,8,Math,124780,Proficient,20.2,25206
2,2018,State,,,8,Science,124417,Proficient,33.5,41680
2,2018,Columbia,BENTON AREA SD,BENTON MIDDLE-SR HIGH SCHOOL,8,English,58,Proficient,46.6,28
2,2018,Columbia,BENTON AREA SD,BENTON MIDDLE-SR HIGH SCHOOL,8,Math,58,Proficient,32.8,20
2,2018,Columbia,BENTON AREA SD,BENTON MIDDLE-SR HIGH SCHOOL,8,Science,58,Proficient,46.6,28
2,2018,Columbia,BERWICK AREA SD,BERWICK AREA MS,8,English,209,Proficient,45,95
2,2018,Columbia,BERWICK AREA SD,BERWICK AREA MS,8,Math,210,Proficient,19,40
2,2018,Columbia,BERWICK AREA SD,BERWICK AREA MS,8,Science,208,Proficient,34.1,71
2,2018,Columbia,BLOOMSBURG AREA SD,BLOOMSBURG AREA MS,8,English,122,Proficient,45.9,56
2,2018,Columbia,BLOOMSBURG AREA SD,BLOOMSBURG AREA MS,8,Math,123,Proficient,24.4,31
2,2018,Columbia,BLOOMSBURG AREA SD,BLOOMSBURG AREA MS,8,Science,122,Proficient,36.9,46
2,2018,Columbia,CENTRAL COLUMBIA SD,CENTRAL COLUMBIA MS,8,English,135,Proficient,50.4,69
2,2018,Columbia,CENTRAL COLUMBIA SD,CENTRAL COLUMBIA MS,8,Math,135,Proficient,27.4,37
2,2018,Columbia,CENTRAL COLUMBIA SD,CENTRAL COLUMBIA MS,8,Science,135,Proficient,37,50
2,2018,Columbia,MILLVILLE AREA SD,MILLVILLE AREA JSHS,8,English,60,Proficient,40,24
2,2018,Columbia,MILLVILLE AREA SD,MILLVILLE AREA JSHS,8,Math,60,Proficient,8.3,5
2,2018,Columbia,MILLVILLE AREA SD,MILLVILLE AREA JSHS,8,Science,60,Proficient,30,18
2,2018,Columbia,SOUTHERN COLUMBIA AREA SD,SOUTHERN COLUMBIA MS,8,English,128,Proficient,50.8,66
2,2018,Columbia,SOUTHERN COLUMBIA AREA SD,SOUTHERN COLUMBIA MS,8,Math,128,Proficient,28.1,36
2,2018,Columbia,SOUTHERN COLUMBIA AREA SD,SOUTHERN COLUMBIA MS,8,Science,128,Proficient,40.6,52
2,2018,Montour,DANVILLE AREA SD,DANVILLE AREA MS,8,English,187,Proficient,47.6,90
2,2018,Montour,DANVILLE AREA SD,DANVILLE AREA MS,8,Math,189,Proficient,22.2,42
2,2018,Montour,DANVILLE AREA SD,DANVILLE AREA MS,8,Science,189,Proficient,33.9,65
2,2018,State,,,8,English,124907,Basic,30.6,38222
2,2018,State,,,8,Math,124780,Basic,27.9,34814
2,2018,State,,,8,Science,124417,Basic,23.9,29736
2,2018,Columbia,BENTON AREA SD,BENTON MIDDLE-SR HIGH SCHOOL,8,English,58,Basic,43.1,25
2,2018,Columbia,BENTON AREA SD,BENTON MIDDLE-SR HIGH SCHOOL,8,Math,58,Basic,29.3,17
2,2018,Columbia,BENTON AREA SD,BENTON MIDDLE-SR HIGH SCHOOL,8,Science,58,Basic,27.6,17
2,2018,Columbia,BERWICK AREA SD,BERWICK AREA MS,8,English,209,Basic,34,72
2,2018,Columbia,BERWICK AREA SD,BERWICK AREA MS,8,Math,210,Basic,28.1,60
2,2018,Columbia,BERWICK AREA SD,BERWICK AREA MS,8,Science,208,Basic,25.5,54
2,2018,Columbia,BLOOMSBURG AREA SD,BLOOMSBURG AREA MS,8,English,122,Basic,27,33
2,2018,Columbia,BLOOMSBURG AREA SD,BLOOMSBURG AREA MS,8,Math,123,Basic,30.9,39
2,2018,Columbia,BLOOMSBURG AREA SD,BLOOMSBURG AREA MS,8,Science,122,Basic,18.9,24
2,2018,Columbia,CENTRAL COLUMBIA SD,CENTRAL COLUMBIA MS,8,English,135,Basic,19.3,27
2,2018,Columbia,CENTRAL COLUMBIA SD,CENTRAL COLUMBIA MS,8,Math,135,Basic,24.4,33
2,2018,Columbia,CENTRAL COLUMBIA SD,CENTRAL COLUMBIA MS,8,Science,135,Basic,17.8,25
2,2018,Columbia,MILLVILLE AREA SD,MILLVILLE AREA JSHS,8,English,60,Basic,38.3,23
2,2018,Columbia,MILLVILLE AREA SD,MILLVILLE AREA JSHS,8,Math,60,Basic,26.7,17
2,2018,Columbia,MILLVILLE AREA SD,MILLVILLE AREA JSHS,8,Science,60,Basic,35,21
2,2018,Columbia,SOUTHERN COLUMBIA AREA SD,SOUTHERN COLUMBIA MS,8,English,128,Basic,29.7,39
2,2018,Columbia,SOUTHERN COLUMBIA AREA SD,SOUTHERN COLUMBIA MS,8,Math,128,Basic,25.8,34
2,2018,Columbia,SOUTHERN COLUMBIA AREA SD,SOUTHERN COLUMBIA MS,8,Science,128,Basic,25,32
2,2018,Montour,DANVILLE AREA SD,DANVILLE AREA MS,8,English,187,Basic,22.5,43
2,2018,Montour,DANVILLE AREA SD,DANVILLE AREA MS,8,Math,189,Basic,27,52
2,2018,Montour,DANVILLE AREA SD,DANVILLE AREA MS,8,Science,189,Basic,16.4,31
2,2018,State,,,8,English,124907,BelowBasic,7.8,9743
2,2018,State,,,8,Math,124780,BelowBasic,41.1,51285
2,2018,State,,,8,Science,124417,BelowBasic,22.2,27621
2,2018,Columbia,BENTON AREA SD,BENTON MIDDLE-SR HIGH SCHOOL,8,English,58,BelowBasic,1.7,1
2,2018,Columbia,BENTON AREA SD,BENTON MIDDLE-SR HIGH SCHOOL,8,Math,58,BelowBasic,29.3,17
2,2018,Columbia,BENTON AREA SD,BENTON MIDDLE-SR HIGH SCHOOL,8,Science,58,BelowBasic,6.9,5
2,2018,Columbia,BERWICK AREA SD,BERWICK AREA MS,8,English,209,BelowBasic,13.4,29
2,2018,Columbia,BERWICK AREA SD,BERWICK AREA MS,8,Math,210,BelowBasic,46.7,99
2,2018,Columbia,BERWICK AREA SD,BERWICK AREA MS,8,Science,208,BelowBasic,28.8,60
2,2018,Columbia,BLOOMSBURG AREA SD,BLOOMSBURG AREA MS,8,English,122,BelowBasic,0.8,1
2,2018,Columbia,BLOOMSBURG AREA SD,BLOOMSBURG AREA MS,8,Math,123,BelowBasic,38.2,47
2,2018,Columbia,BLOOMSBURG AREA SD,BLOOMSBURG AREA MS,8,Science,122,BelowBasic,9,11
2,2018,Columbia,CENTRAL COLUMBIA SD,CENTRAL COLUMBIA MS,8,English,135,BelowBasic,4.4,6
2,2018,Columbia,CENTRAL COLUMBIA SD,CENTRAL COLUMBIA MS,8,Math,135,BelowBasic,14.1,20
2,2018,Columbia,CENTRAL COLUMBIA SD,CENTRAL COLUMBIA MS,8,Science,135,BelowBasic,10.4,15
2,2018,Columbia,MILLVILLE AREA SD,MILLVILLE AREA JSHS,8,English,60,BelowBasic,6.7,5
2,2018,Columbia,MILLVILLE AREA SD,MILLVILLE AREA JSHS,8,Math,60,BelowBasic,61.7,38
2,2018,Columbia,MILLVILLE AREA SD,MILLVILLE AREA JSHS,8,Science,60,BelowBasic,15,9
2,2018,Columbia,SOUTHERN COLUMBIA AREA SD,SOUTHERN COLUMBIA MS,8,English,128,BelowBasic,6.3,9
2,2018,Columbia,SOUTHERN COLUMBIA AREA SD,SOUTHERN COLUMBIA MS,8,Math,128,BelowBasic,39.1,51
2,2018,Columbia,SOUTHERN COLUMBIA AREA SD,SOUTHERN COLUMBIA MS,8,Science,128,BelowBasic,19.5,25
2,2018,Montour,DANVILLE AREA SD,DANVILLE AREA MS,8,English,187,BelowBasic,3.7,7
2,2018,Montour,DANVILLE AREA SD,DANVILLE AREA MS,8,Math,189,BelowBasic,31.2,59
2,2018,Montour,DANVILLE AREA SD,DANVILLE AREA MS,8,Science,189,BelowBasic,16.4,31
2,2021,State,,,11,Math,101846,Top,62.4,63552
2,2021,State,,,11,Science,56721,Top,67.6,38344
2,2021,State,,,11,English,11090,Top,49.6,5501
2,2021,Columbia,BENTON AREA SD,BENTON AREA HS,11,Math,43,Top,53.5,24
2,2021,Columbia,BENTON AREA SD,BENTON AREA HS,11,Science,13,Top,100,13
2,2021,Columbia,BERWICK AREA SD,BERWICK AREA HS,11,Math,133,Top,59.400000000000006,80
2,2021,Columbia,BERWICK AREA SD,BERWICK AREA HS,11,Science,37,Top,75.7,29
2,2021,Columbia,BERWICK AREA SD,BERWICK AREA HS,11,English,24,Top,70.8,17
2,2021,Columbia,BLOOMSBURG AREA SD,BLOOMSBURG AREA HS,11,Math,86,Top,53.5,47
2,2021,Columbia,BLOOMSBURG AREA SD,BLOOMSBURG AREA HS,11,Science,48,Top,77.1,38
2,2021,Columbia,CENTRAL COLUMBIA SD,CENTRAL COLUMBIA SHS,11,Math,132,Top,83.30000000000001,110
2,2021,Columbia,CENTRAL COLUMBIA SD,CENTRAL COLUMBIA SHS,11,Science,61,Top,88.5,54
2,2021,Columbia,COLUMBIA-MONTOUR AVTS,COLUMBIA-MONTOUR AVTS,11,Math,42,Top,61.900000000000006,26
2,2021,Columbia,MILLVILLE AREA SD,MILLVILLE AREA JSHS,11,Math,37,Top,48.599999999999994,18
2,2021,Columbia,SOUTHERN COLUMBIA AREA SD,SOUTHERN COLUMBIA HS,11,Math,100,Top,82,82
2,2021,Columbia,SOUTHERN COLUMBIA AREA SD,SOUTHERN COLUMBIA HS,11,English,99,Top,58.5,58
2,2021,Columbia,SUSQ-CYBER CS,SUSQ-CYBER CS,11,Math,16,Top,56.3,10
2,2021,Montour,DANVILLE AREA SD,DANVILLE AREA SHS,11,Math,128,Top,89.1,115
2,2021,Montour,DANVILLE AREA SD,DANVILLE AREA SHS,11,Science,59,Top,98.3,58
2,2021,State,,,11,Math,101846,Advanced,28,28517
2,2021,State,,,11,Science,56721,Advanced,34.4,19513
2,2021,State,,,11,English,11090,Advanced,8.1,899
2,2021,Columbia,BENTON AREA SD,BENTON AREA HS,11,Math,43,Advanced,23.3,11
2,2021,Columbia,BENTON AREA SD,BENTON AREA HS,11,Science,13,Advanced,46.2,7
2,2021,Columbia,BERWICK AREA SD,BERWICK AREA HS,11,Math,133,Advanced,11.3,16
2,2021,Columbia,BERWICK AREA SD,BERWICK AREA HS,11,Science,37,Advanced,51.4,20
2,2021,Columbia,BERWICK AREA SD,BERWICK AREA HS,11,English,24,Advanced,37.5,9
2,2021,Columbia,BLOOMSBURG AREA SD,BLOOMSBURG AREA HS,11,Math,86,Advanced,30.2,26
2,2021,Columbia,BLOOMSBURG AREA SD,BLOOMSBURG AREA HS,11,Science,48,Advanced,35.4,17
2,2021,Columbia,CENTRAL COLUMBIA SD,CENTRAL COLUMBIA SHS,11,Math,132,Advanced,49.2,65
2,2021,Columbia,CENTRAL COLUMBIA SD,CENTRAL COLUMBIA SHS,11,Science,61,Advanced,62.3,39
2,2021,Columbia,COLUMBIA-MONTOUR AVTS,COLUMBIA-MONTOUR AVTS,11,Math,42,Advanced,26.2,12
2,2021,Columbia,MILLVILLE AREA SD,MILLVILLE AREA JSHS,11,Math,37,Advanced,18.9,7
2,2021,Columbia,SOUTHERN COLUMBIA AREA SD,SOUTHERN COLUMBIA HS,11,Math,100,Advanced,34,34
2,2021,Columbia,SOUTHERN COLUMBIA AREA SD,SOUTHERN COLUMBIA HS,11,English,99,Advanced,4,4
2,2021,Columbia,SUSQ-CYBER CS,SUSQ-CYBER CS,11,Math,16,Advanced,12.5,2
2,2021,Montour,DANVILLE AREA SD,DANVILLE AREA SHS,11,Math,128,Advanced,46.1,60
2,2021,Montour,DANVILLE AREA SD,DANVILLE AREA SHS,11,Science,59,Advanced,78,47
2,2021,State,,,11,Math,101846,Proficient,34.4,35036
2,2021,State,,,11,Science,56721,Proficient,33.2,18832
2,2021,State,,,11,English,11090,Proficient,41.5,4603
2,2021,Columbia,BENTON AREA SD,BENTON AREA HS,11,Math,43,Proficient,30.2,13
2,2021,Columbia,BENTON AREA SD,BENTON AREA HS,11,Science,13,Proficient,53.8,7
2,2021,Columbia,BERWICK AREA SD,BERWICK AREA HS,11,Math,133,Proficient,48.1,64
2,2021,Columbia,BERWICK AREA SD,BERWICK AREA HS,11,Science,37,Proficient,24.3,9
2,2021,Columbia,BERWICK AREA SD,BERWICK AREA HS,11,English,24,Proficient,33.3,8
2,2021,Columbia,BLOOMSBURG AREA SD,BLOOMSBURG AREA HS,11,Math,86,Proficient,23.3,21
2,2021,Columbia,BLOOMSBURG AREA SD,BLOOMSBURG AREA HS,11,Science,48,Proficient,41.7,21
2,2021,Columbia,CENTRAL COLUMBIA SD,CENTRAL COLUMBIA SHS,11,Math,132,Proficient,34.1,46
2,2021,Columbia,CENTRAL COLUMBIA SD,CENTRAL COLUMBIA SHS,11,Science,61,Proficient,26.2,16
2,2021,Columbia,COLUMBIA-MONTOUR AVTS,COLUMBIA-MONTOUR AVTS,11,Math,42,Proficient,35.7,15
2,2021,Columbia,MILLVILLE AREA SD,MILLVILLE AREA JSHS,11,Math,37,Proficient,29.7,11
2,2021,Columbia,SOUTHERN COLUMBIA AREA SD,SOUTHERN COLUMBIA HS,11,Math,100,Proficient,48,48
2,2021,Columbia,SOUTHERN COLUMBIA AREA SD,SOUTHERN COLUMBIA HS,11,English,99,Proficient,54.5,54
2,2021,Columbia,SUSQ-CYBER CS,SUSQ-CYBER CS,11,Math,16,Proficient,43.8,8
2,2021,Montour,DANVILLE AREA SD,DANVILLE AREA SHS,11,Math,128,Proficient,43,56
2,2021,Montour,DANVILLE AREA SD,DANVILLE AREA SHS,11,Science,59,Proficient,20.3,12
2,2021,State,,,11,Math,101846,Basic,25.6,26073
2,2021,State,,,11,Science,56721,Basic,19.1,10834
2,2021,State,,,11,English,11090,Basic,25.9,2873
2,2021,Columbia,BENTON AREA SD,BENTON AREA HS,11,Math,43,Basic,27.9,12
2,2021,Columbia,BENTON AREA SD,BENTON AREA HS,11,Science,13,Basic,0,0
2,2021,Columbia,BERWICK AREA SD,BERWICK AREA HS,11,Math,133,Basic,27.1,37
2,2021,Columbia,BERWICK AREA SD,BERWICK AREA HS,11,Science,37,Basic,13.5,5
2,2021,Columbia,BERWICK AREA SD,BERWICK AREA HS,11,English,24,Basic,8.3,2
2,2021,Columbia,BLOOMSBURG AREA SD,BLOOMSBURG AREA HS,11,Math,86,Basic,39.5,34
2,2021,Columbia,BLOOMSBURG AREA SD,BLOOMSBURG AREA HS,11,Science,48,Basic,16.7,9
2,2021,Columbia,CENTRAL COLUMBIA SD,CENTRAL COLUMBIA SHS,11,Math,132,Basic,14.4,20
2,2021,Columbia,CENTRAL COLUMBIA SD,CENTRAL COLUMBIA SHS,11,Science,61,Basic,9.8,6
2,2021,Columbia,COLUMBIA-MONTOUR AVTS,COLUMBIA-MONTOUR AVTS,11,Math,42,Basic,35.7,15
2,2021,Columbia,MILLVILLE AREA SD,MILLVILLE AREA JSHS,11,Math,37,Basic,37.8,14
2,2021,Columbia,SOUTHERN COLUMBIA AREA SD,SOUTHERN COLUMBIA HS,11,Math,100,Basic,13,13
2,2021,Columbia,SOUTHERN COLUMBIA AREA SD,SOUTHERN COLUMBIA HS,11,English,99,Basic,27.3,28
2,2021,Columbia,SUSQ-CYBER CS,SUSQ-CYBER CS,11,Math,16,Basic,31.3,6
2,2021,Montour,DANVILLE AREA SD,DANVILLE AREA SHS,11,Math,128,Basic,10.2,14
2,2021,Montour,DANVILLE AREA SD,DANVILLE AREA SHS,11,Science,59,Basic,1.7,2
2,2021,State,,,11,Math,101846,BelowBasic,12,12222
2,2021,State,,,11,Science,56721,BelowBasic,13.3,7544
2,2021,State,,,11,English,11090,BelowBasic,24.6,2729
2,2021,Columbia,BENTON AREA SD,BENTON AREA HS,11,Math,43,BelowBasic,18.6,8
2,2021,Columbia,BENTON AREA SD,BENTON AREA HS,11,Science,13,BelowBasic,0,0
2,2021,Columbia,BERWICK AREA SD,BERWICK AREA HS,11,Math,133,BelowBasic,13.5,18
2,2021,Columbia,BERWICK AREA SD,BERWICK AREA HS,11,Science,37,BelowBasic,10.8,4
2,2021,Columbia,BERWICK AREA SD,BERWICK AREA HS,11,English,24,BelowBasic,20.8,5
2,2021,Columbia,BLOOMSBURG AREA SD,BLOOMSBURG AREA HS,11,Math,86,BelowBasic,7,7
2,2021,Columbia,BLOOMSBURG AREA SD,BLOOMSBURG AREA HS,11,Science,48,BelowBasic,6.3,4
2,2021,Columbia,CENTRAL COLUMBIA SD,CENTRAL COLUMBIA SHS,11,Math,132,BelowBasic,2.3,4
2,2021,Columbia,CENTRAL COLUMBIA SD,CENTRAL COLUMBIA SHS,11,Science,61,BelowBasic,1.6,1
2,2021,Columbia,COLUMBIA-MONTOUR AVTS,COLUMBIA-MONTOUR AVTS,11,Math,42,BelowBasic,2.4,2
2,2021,Columbia,MILLVILLE AREA SD,MILLVILLE AREA JSHS,11,Math,37,BelowBasic,13.5,5
2,2021,Columbia,SOUTHERN COLUMBIA AREA SD,SOUTHERN COLUMBIA HS,11,Math,100,BelowBasic,5,5
2,2021,Columbia,SOUTHERN COLUMBIA AREA SD,SOUTHERN COLUMBIA HS,11,English,99,BelowBasic,14.1,14
2,2021,Columbia,SUSQ-CYBER CS,SUSQ-CYBER CS,11,Math,16,BelowBasic,12.5,2
2,2021,Montour,DANVILLE AREA SD,DANVILLE AREA SHS,11,Math,128,BelowBasic,0.8,2
2,2021,Montour,DANVILLE AREA SD,DANVILLE AREA SHS,11,Science,59,BelowBasic,0,0
3,2016,State,,,5,English,122868,Top,61.5,75564
3,2016,State,,,5,Math,122983,Top,44.4,54605
3,2016,Columbia,BENTON AREA SD,APPLEMAN EL SCH,5,English,42,Top,85.7,36
3,2016,Columbia,BENTON AREA SD,APPLEMAN EL SCH,5,Math,42,Top,64.3,28
3,2016,Columbia,BERWICK AREA SD,FOURTEENTH STREET EL,5,English,26,Top,65.4,18
3,2016,Columbia,BERWICK AREA SD,FOURTEENTH STREET EL,5,Math,26,Top,61.5,16
3,2016,Columbia,BERWICK AREA SD,NESCOPECK EL SCH,5,English,37,Top,64.9,25
3,2016,Columbia,BERWICK AREA SD,NESCOPECK EL SCH,5,Math,37,Top,78.3,29
3,2016,Columbia,BERWICK AREA SD,ORANGE STREET EL SCH,5,English,68,Top,60.3,42
3,2016,Columbia,BERWICK AREA SD,ORANGE STREET EL SCH,5,Math,68,Top,48.5,33
3,2016,Columbia,BERWICK AREA SD,SALEM EL SCH,5,English,76,Top,68.4,52
3,2016,Columbia,BERWICK AREA SD,SALEM EL SCH,5,Math,76,Top,77.6,59
3,2016,Columbia,BLOOMSBURG AREA SD,BEAVER-MAIN EL SCH,5,English,20,Top,85,17
3,2016,Columbia,BLOOMSBURG AREA SD,BEAVER-MAIN EL SCH,5,Math,20,Top,80,16
3,2016,Columbia,BLOOMSBURG AREA SD,MEMORIAL EL SCH,5,English,64,Top,81.3,53
3,2016,Columbia,BLOOMSBURG AREA SD,MEMORIAL EL SCH,5,Math,64,Top,50,32
3,2016,Columbia,BLOOMSBURG AREA SD,W W EVANS MEMORIAL E,5,English,36,Top,69.4,25
3,2016,Columbia,BLOOMSBURG AREA SD,W W EVANS MEMORIAL E,5,Math,36,Top,66.7,25
3,2016,Columbia,CENTRAL COLUMBIA SD,CENTRAL COLUMBIA MS,5,English,141,Top,60.300000000000004,86
3,2016,Columbia,CENTRAL COLUMBIA SD,CENTRAL COLUMBIA MS,5,Math,141,Top,53.2,76
3,2016,Columbia,MILLVILLE AREA SD,MILLVILLE AREA EL SC,5,English,39,Top,51.300000000000004,21
3,2016,Columbia,MILLVILLE AREA SD,MILLVILLE AREA EL SC,5,Math,39,Top,23.1,10
3,2016,Columbia,SOUTHERN COLUMBIA AREA SD,SOUTHERN COLUMBIA MS,5,English,97,Top,72.2,71
3,2016,Columbia,SOUTHERN COLUMBIA AREA SD,SOUTHERN COLUMBIA MS,5,Math,99,Top,47.5,48
3,2016,Montour,DANVILLE AREA SD,LIBERTY-VALLEY EL SC,5,English,168,Top,71.4,120
3,2016,Montour,DANVILLE AREA SD,LIBERTY-VALLEY EL SC,5,Math,168,Top,66.6,112
3,2016,State,,,5,English,122868,Advanced,16.2,19905
3,2016,State,,,5,Math,122983,Advanced,18.5,22752
3,2016,Columbia,BENTON AREA SD,APPLEMAN EL SCH,5,English,42,Advanced,23.8,10
3,2016,Columbia,BENTON AREA SD,APPLEMAN EL SCH,5,Math,42,Advanced,38.1,17
3,2016,Columbia,BERWICK AREA SD,FOURTEENTH STREET EL,5,English,26,Advanced,15.4,5
3,2016,Columbia,BERWICK AREA SD,FOURTEENTH STREET EL,5,Math,26,Advanced,34.6,9
3,2016,Columbia,BERWICK AREA SD,NESCOPECK EL SCH,5,English,37,Advanced,5.4,2
3,2016,Columbia,BERWICK AREA SD,NESCOPECK EL SCH,5,Math,37,Advanced,45.9,17
3,2016,Columbia,BERWICK AREA SD,ORANGE STREET EL SCH,5,English,68,Advanced,5.9,5
3,2016,Columbia,BERWICK AREA SD,ORANGE STREET EL SCH,5,Math,68,Advanced,10.3,8
3,2016,Columbia,BERWICK AREA SD,SALEM EL SCH,5,English,76,Advanced,18.4,14
3,2016,Columbia,BERWICK AREA SD,SALEM EL SCH,5,Math,76,Advanced,43.4,33
3,2016,Columbia,BLOOMSBURG AREA SD,BEAVER-MAIN EL SCH,5,English,20,Advanced,25,5
3,2016,Columbia,BLOOMSBURG AREA SD,BEAVER-MAIN EL SCH,5,Math,20,Advanced,50,10
3,2016,Columbia,BLOOMSBURG AREA SD,MEMORIAL EL SCH,5,English,64,Advanced,12.5,8
3,2016,Columbia,BLOOMSBURG AREA SD,MEMORIAL EL SCH,5,Math,64,Advanced,23.4,15
3,2016,Columbia,BLOOMSBURG AREA SD,W W EVANS MEMORIAL E,5,English,36,Advanced,8.3,3
3,2016,Columbia,BLOOMSBURG AREA SD,W W EVANS MEMORIAL E,5,Math,36,Advanced,27.8,11
3,2016,Columbia,CENTRAL COLUMBIA SD,CENTRAL COLUMBIA MS,5,English,141,Advanced,15.6,22
3,2016,Columbia,CENTRAL COLUMBIA SD,CENTRAL COLUMBIA MS,5,Math,141,Advanced,22,32
3,2016,Columbia,MILLVILLE AREA SD,MILLVILLE AREA EL SC,5,English,39,Advanced,7.7,4
3,2016,Columbia,MILLVILLE AREA SD,MILLVILLE AREA EL SC,5,Math,39,Advanced,2.6,2
3,2016,Columbia,SOUTHERN COLUMBIA AREA SD,SOUTHERN COLUMBIA MS,5,English,97,Advanced,19.6,20
3,2016,Columbia,SOUTHERN COLUMBIA AREA SD,SOUTHERN COLUMBIA MS,5,Math,99,Advanced,21.2,21
3,2016,Montour,DANVILLE AREA SD,LIBERTY-VALLEY EL SC,5,English,168,Advanced,19.6,33
3,2016,Montour,DANVILLE AREA SD,LIBERTY-VALLEY EL SC,5,Math,168,Advanced,33.3,56
3,2016,State,,,5,English,122868,Proficient,45.3,55660
3,2016,State,,,5,Math,122983,Proficient,25.9,31853
3,2016,Columbia,BENTON AREA SD,APPLEMAN EL SCH,5,English,42,Proficient,61.9,26
3,2016,Columbia,BENTON AREA SD,APPLEMAN EL SCH,5,Math,42,Proficient,26.2,12
3,2016,Columbia,BERWICK AREA SD,FOURTEENTH STREET EL,5,English,26,Proficient,50,13
3,2016,Columbia,BERWICK AREA SD,FOURTEENTH STREET EL,5,Math,26,Proficient,26.9,7
3,2016,Columbia,BERWICK AREA SD,NESCOPECK EL SCH,5,English,37,Proficient,59.5,23
3,2016,Columbia,BERWICK AREA SD,NESCOPECK EL SCH,5,Math,37,Proficient,32.4,12
3,2016,Columbia,BERWICK AREA SD,ORANGE STREET EL SCH,5,English,68,Proficient,54.4,37
3,2016,Columbia,BERWICK AREA SD,ORANGE STREET EL SCH,5,Math,68,Proficient,38.2,26
3,2016,Columbia,BERWICK AREA SD,SALEM EL SCH,5,English,76,Proficient,50,38
3,2016,Columbia,BERWICK AREA SD,SALEM EL SCH,5,Math,76,Proficient,34.2,26
3,2016,Columbia,BLOOMSBURG AREA SD,BEAVER-MAIN EL SCH,5,English,20,Proficient,60,12
3,2016,Columbia,BLOOMSBURG AREA SD,BEAVER-MAIN EL SCH,5,Math,20,Proficient,30,6
3,2016,Columbia,BLOOMSBURG AREA SD,MEMORIAL EL SCH,5,English,64,Proficient,68.8,45
3,2016,Columbia,BLOOMSBURG AREA SD,MEMORIAL EL SCH,5,Math,64,Proficient,26.6,18
3,2016,Columbia,BLOOMSBURG AREA SD,W W EVANS MEMORIAL E,5,English,36,Proficient,61.1,22
3,2016,Columbia,BLOOMSBURG AREA SD,W W EVANS MEMORIAL E,5,Math,36,Proficient,38.9,15
3,2016,Columbia,CENTRAL COLUMBIA SD,CENTRAL COLUMBIA MS,5,English,141,Proficient,44.7,64
3,2016,Columbia,CENTRAL COLUMBIA SD,CENTRAL COLUMBIA MS,5,Math,141,Proficient,31.2,44
3,2016,Columbia,MILLVILLE AREA SD,MILLVILLE AREA EL SC,5,English,39,Proficient,43.6,18
3,2016,Columbia,MILLVILLE AREA SD,MILLVILLE AREA EL SC,5,Math,39,Proficient,20.5,8
3,2016,Columbia,SOUTHERN COLUMBIA AREA SD,SOUTHERN COLUMBIA MS,5,English,97,Proficient,52.6,52
3,2016,Columbia,SOUTHERN COLUMBIA AREA SD,SOUTHERN COLUMBIA MS,5,Math,99,Proficient,26.3,27
3,2016,Montour,DANVILLE AREA SD,LIBERTY-VALLEY EL SC,5,English,168,Proficient,51.8,88
3,2016,Montour,DANVILLE AREA SD,LIBERTY-VALLEY EL SC,5,Math,168,Proficient,33.3,56
3,2016,State,,,5,English,122868,Basic,24.5,30103
3,2016,State,,,5,Math,122983,Basic,27.6,33944
3,2016,Columbia,BENTON AREA SD,APPLEMAN EL SCH,5,English,42,Basic,11.9,5
3,2016,Columbia,BENTON AREA SD,APPLEMAN EL SCH,5,Math,42,Basic,33.3,14
3,2016,Columbia,BERWICK AREA SD,FOURTEENTH STREET EL,5,English,26,Basic,26.9,7
3,2016,Columbia,BERWICK AREA SD,FOURTEENTH STREET EL,5,Math,26,Basic,23.1,7
3,2016,Columbia,BERWICK AREA SD,NESCOPECK EL SCH,5,English,37,Basic,24.3,9
3,2016,Columbia,BERWICK AREA SD,NESCOPECK EL SCH,5,Math,37,Basic,16.2,6
3,2016,Columbia,BERWICK AREA SD,ORANGE STREET EL SCH,5,English,68,Basic,26.5,19
3,2016,Columbia,BERWICK AREA SD,ORANGE STREET EL SCH,5,Math,68,Basic,30.9,22
3,2016,Columbia,BERWICK AREA SD,SALEM EL SCH,5,English,76,Basic,25,19
3,2016,Columbia,BERWICK AREA SD,SALEM EL SCH,5,Math,76,Basic,14.5,12
3,2016,Columbia,BLOOMSBURG AREA SD,BEAVER-MAIN EL SCH,5,English,20,Basic,10,2
3,2016,Columbia,BLOOMSBURG AREA SD,BEAVER-MAIN EL SCH,5,Math,20,Basic,15,3
3,2016,Columbia,BLOOMSBURG AREA SD,MEMORIAL EL SCH,5,English,64,Basic,12.5,8
3,2016,Columbia,BLOOMSBURG AREA SD,MEMORIAL EL SCH,5,Math,64,Basic,40.6,26
3,2016,Columbia,BLOOMSBURG AREA SD,W W EVANS MEMORIAL E,5,English,36,Basic,27.8,11
3,2016,Columbia,BLOOMSBURG AREA SD,W W EVANS MEMORIAL E,5,Math,36,Basic,25,9
3,2016,Columbia,CENTRAL COLUMBIA SD,CENTRAL COLUMBIA MS,5,English,141,Basic,27.7,40
3,2016,Columbia,CENTRAL COLUMBIA SD,CENTRAL COLUMBIA MS,5,Math,141,Basic,31.2,44
3,2016,Columbia,MILLVILLE AREA SD,MILLVILLE AREA EL SC,5,English,39,Basic,35.9,15
3,2016,Columbia,MILLVILLE AREA SD,MILLVILLE AREA EL SC,5,Math,39,Basic,30.8,13
3,2016,Columbia,SOUTHERN COLUMBIA AREA SD,SOUTHERN COLUMBIA MS,5,English,97,Basic,19.6,20
3,2016,Columbia,SOUTHERN COLUMBIA AREA SD,SOUTHERN COLUMBIA MS,5,Math,99,Basic,32.3,32
3,2016,Montour,DANVILLE AREA SD,LIBERTY-VALLEY EL SC,5,English,168,Basic,19,32
3,2016,Montour,DANVILLE AREA SD,LIBERTY-VALLEY EL SC,5,Math,168,Basic,19.6,33
3,2016,State,,,5,English,122868,BelowBasic,14.1,17325
3,2016,State,,,5,Math,122983,BelowBasic,28,34436
3,2016,Columbia,BENTON AREA SD,APPLEMAN EL SCH,5,English,42,BelowBasic,2.4,2
3,2016,Columbia,BENTON AREA SD,APPLEMAN EL SCH,5,Math,42,BelowBasic,2.4,2
3,2016,Columbia,BERWICK AREA SD,FOURTEENTH STREET EL,5,English,26,BelowBasic,7.7,3
3,2016,Columbia,BERWICK AREA SD,FOURTEENTH STREET EL,5,Math,26,BelowBasic,15.4,5
3,2016,Columbia,BERWICK AREA SD,NESCOPECK EL SCH,5,English,37,BelowBasic,10.8,4
3,2016,Columbia,BERWICK AREA SD,NESCOPECK EL SCH,5,Math,37,BelowBasic,5.4,2
3,2016,Columbia,BERWICK AREA SD,ORANGE STREET EL SCH,5,English,68,BelowBasic,13.2,9
3,2016,Columbia,BERWICK AREA SD,ORANGE STREET EL SCH,5,Math,68,BelowBasic,20.6,15
3,2016,Columbia,BERWICK AREA SD,SALEM EL SCH,5,English,76,BelowBasic,6.6,6
3,2016,Columbia,BERWICK AREA SD,SALEM EL SCH,5,Math,76,BelowBasic,7.9,7
3,2016,Columbia,BLOOMSBURG AREA SD,BEAVER-MAIN EL SCH,5,English,20,BelowBasic,5,1
3,2016,Columbia,BLOOMSBURG AREA SD,BEAVER-MAIN EL SCH,5,Math,20,BelowBasic,5,1
3,2016,Columbia,BLOOMSBURG AREA SD,MEMORIAL EL SCH,5,English,64,BelowBasic,6.3,5
3,2016,Columbia,BLOOMSBURG AREA SD,MEMORIAL EL SCH,5,Math,64,BelowBasic,9.4,7
3,2016,Columbia,BLOOMSBURG AREA SD,W W EVANS MEMORIAL E,5,English,36,BelowBasic,2.8,2
3,2016,Columbia,BLOOMSBURG AREA SD,W W EVANS MEMORIAL E,5,Math,36,BelowBasic,8.3,3
3,2016,Columbia,CENTRAL COLUMBIA SD,CENTRAL COLUMBIA MS,5,English,141,BelowBasic,12.1,18
3,2016,Columbia,CENTRAL COLUMBIA SD,CENTRAL COLUMBIA MS,5,Math,141,BelowBasic,15.6,22
3,2016,Columbia,MILLVILLE AREA SD,MILLVILLE AREA EL SC,5,English,39,BelowBasic,12.8,5
3,2016,Columbia,MILLVILLE AREA SD,MILLVILLE AREA EL SC,5,Math,39,BelowBasic,46.2,19
3,2016,Columbia,SOUTHERN COLUMBIA AREA SD,SOUTHERN COLUMBIA MS,5,English,97,BelowBasic,8.2,8
3,2016,Columbia,SOUTHERN COLUMBIA AREA SD,SOUTHERN COLUMBIA MS,5,Math,99,BelowBasic,20.2,20
3,2016,Montour,DANVILLE AREA SD,LIBERTY-VALLEY EL SC,5,English,168,BelowBasic,9.5,16
3,2016,Montour,DANVILLE AREA SD,LIBERTY-VALLEY EL SC,5,Math,168,BelowBasic,13.7,24
3,2017,State,,,6,English,123112,Top,40.2,49492
3,2017,Columbia,BENTON AREA SD,APPLEMAN EL SCH,6,English,44,Top,81.8,36
3,2017,Columbia,BENTON AREA SD,APPLEMAN EL SCH,6,Math,44,Top,47.7,21
3,2017,Columbia,BERWICK AREA SD,BERWICK AREA MS,6,English,218,Top,73,160
3,2017,Columbia,BERWICK AREA SD,BERWICK AREA MS,6,Math,217,Top,44.7,97
3,2017,Columbia,BLOOMSBURG AREA SD,BLOOMSBURG AREA MS,6,English,122,Top,67.2,82
3,2017,Columbia,BLOOMSBURG AREA SD,BLOOMSBURG AREA MS,6,Math,122,Top,45.1,56
3,2017,Columbia,CENTRAL COLUMBIA SD,CENTRAL COLUMBIA MS,6,English,145,Top,84.8,123
3,2017,Columbia,CENTRAL COLUMBIA SD,CENTRAL COLUMBIA MS,6,Math,145,Top,57.2,83
3,2017,Columbia,MILLVILLE AREA SD,MILLVILLE AREA EL SC,6,English,40,Top,60,24
3,2017,Columbia,MILLVILLE AREA SD,MILLVILLE AREA EL SC,6,Math,40,Top,20,8
3,2017,Columbia,SOUTHERN COLUMBIA AREA SD,SOUTHERN COLUMBIA MS,6,English,100,Top,72,72
3,2017,Columbia,SOUTHERN COLUMBIA AREA SD,SOUTHERN COLUMBIA MS,6,Math,99,Top,44.4,44
3,2017,Montour,DANVILLE AREA SD,DANVILLE AREA MS,6,English,173,Top,74,129
3,2017,Montour,DANVILLE AREA SD,DANVILLE AREA MS,6,Math,173,Top,48,84
3,2017,State,,,6,English,123112,Advanced,14.1,17359
3,2017,Columbia,BENTON AREA SD,APPLEMAN EL SCH,6,English,44,Advanced,25,11
3,2017,Columbia,BENTON AREA SD,APPLEMAN EL SCH,6,Math,44,Advanced,9.1,5
3,2017,Columbia,BERWICK AREA SD,BERWICK AREA MS,6,English,218,Advanced,27.1,60
3,2017,Columbia,BERWICK AREA SD,BERWICK AREA MS,6,Math,217,Advanced,14.3,32
3,2017,Columbia,BLOOMSBURG AREA SD,BLOOMSBURG AREA MS,6,English,122,Advanced,15.6,20
3,2017,Columbia,BLOOMSBURG AREA SD,BLOOMSBURG AREA MS,6,Math,122,Advanced,11.5,15
3,2017,Columbia,CENTRAL COLUMBIA SD,CENTRAL COLUMBIA MS,6,English,145,Advanced,32.4,47
3,2017,Columbia,CENTRAL COLUMBIA SD,CENTRAL COLUMBIA MS,6,Math,145,Advanced,24.8,36
3,2017,Columbia,MILLVILLE AREA SD,MILLVILLE AREA EL SC,6,English,40,Advanced,10,4
3,2017,Columbia,MILLVILLE AREA SD,MILLVILLE AREA EL SC,6,Math,40,Advanced,0,0
3,2017,Columbia,SOUTHERN COLUMBIA AREA SD,SOUTHERN COLUMBIA MS,6,English,100,Advanced,24,24
3,2017,Columbia,SOUTHERN COLUMBIA AREA SD,SOUTHERN COLUMBIA MS,6,Math,99,Advanced,12.1,12
3,2017,Montour,DANVILLE AREA SD,DANVILLE AREA MS,6,English,173,Advanced,33.5,58
3,2017,Montour,DANVILLE AREA SD,DANVILLE AREA MS,6,Math,173,Advanced,13.3,24
3,2017,State,,,6,English,123112,Proficient,26.1,32133
3,2017,Columbia,BENTON AREA SD,APPLEMAN EL SCH,6,English,44,Proficient,56.8,25
3,2017,Columbia,BENTON AREA SD,APPLEMAN EL SCH,6,Math,44,Proficient,38.6,17
3,2017,Columbia,BERWICK AREA SD,BERWICK AREA MS,6,English,218,Proficient,45.9,101
3,2017,Columbia,BERWICK AREA SD,BERWICK AREA MS,6,Math,217,Proficient,30.4,66
3,2017,Columbia,BLOOMSBURG AREA SD,BLOOMSBURG AREA MS,6,English,122,Proficient,51.6,63
3,2017,Columbia,BLOOMSBURG AREA SD,BLOOMSBURG AREA MS,6,Math,122,Proficient,33.6,41
3,2017,Columbia,CENTRAL COLUMBIA SD,CENTRAL COLUMBIA MS,6,English,145,Proficient,52.4,76
3,2017,Columbia,CENTRAL COLUMBIA SD,CENTRAL COLUMBIA MS,6,Math,145,Proficient,32.4,47
3,2017,Columbia,MILLVILLE AREA SD,MILLVILLE AREA EL SC,6,English,40,Proficient,50,20
3,2017,Columbia,MILLVILLE AREA SD,MILLVILLE AREA EL SC,6,Math,40,Proficient,20,8
3,2017,Columbia,SOUTHERN COLUMBIA AREA SD,SOUTHERN COLUMBIA MS,6,English,100,Proficient,48,48
3,2017,Columbia,SOUTHERN COLUMBIA AREA SD,SOUTHERN COLUMBIA MS,6,Math,99,Proficient,32.3,32
3,2017,Montour,DANVILLE AREA SD,DANVILLE AREA MS,6,English,173,Proficient,40.5,71
3,2017,Montour,DANVILLE AREA SD,DANVILLE AREA MS,6,Math,173,Proficient,34.7,61
3,2017,State,,,6,English,123112,Basic,30.6,37673
3,2017,Columbia,BENTON AREA SD,APPLEMAN EL SCH,6,English,44,Basic,13.6,6
3,2017,Columbia,BENTON AREA SD,APPLEMAN EL SCH,6,Math,44,Basic,47.7,21
3,2017,Columbia,BERWICK AREA SD,BERWICK AREA MS,6,English,218,Basic,22,48
3,2017,Columbia,BERWICK AREA SD,BERWICK AREA MS,6,Math,217,Basic,35.9,78
3,2017,Columbia,BLOOMSBURG AREA SD,BLOOMSBURG AREA MS,6,English,122,Basic,31.1,38
3,2017,Columbia,BLOOMSBURG AREA SD,BLOOMSBURG AREA MS,6,Math,122,Basic,45.9,56
3,2017,Columbia,CENTRAL COLUMBIA SD,CENTRAL COLUMBIA MS,6,English,145,Basic,13.1,19
3,2017,Columbia,CENTRAL COLUMBIA SD,CENTRAL COLUMBIA MS,6,Math,145,Basic,34.5,51
3,2017,Columbia,MILLVILLE AREA SD,MILLVILLE AREA EL SC,6,English,40,Basic,35,14
3,2017,Columbia,MILLVILLE AREA SD,MILLVILLE AREA EL SC,6,Math,40,Basic,45,18
3,2017,Columbia,SOUTHERN COLUMBIA AREA SD,SOUTHERN COLUMBIA MS,6,English,100,Basic,21,21
3,2017,Columbia,SOUTHERN COLUMBIA AREA SD,SOUTHERN COLUMBIA MS,6,Math,99,Basic,29.3,30
3,2017,Montour,DANVILLE AREA SD,DANVILLE AREA MS,6,English,173,Basic,22.5,39
3,2017,Montour,DANVILLE AREA SD,DANVILLE AREA MS,6,Math,173,Basic,34.7,61
3,2017,State,,,6,English,123112,BelowBasic,29.1,35826
3,2017,Columbia,BENTON AREA SD,APPLEMAN EL SCH,6,English,44,BelowBasic,4.5,2
3,2017,Columbia,BENTON AREA SD,APPLEMAN EL SCH,6,Math,44,BelowBasic,4.5,2
3,2017,Columbia,BERWICK AREA SD,BERWICK AREA MS,6,English,218,BelowBasic,5,11
3,2017,Columbia,BERWICK AREA SD,BERWICK AREA MS,6,Math,217,BelowBasic,19.4,43
3,2017,Columbia,BLOOMSBURG AREA SD,BLOOMSBURG AREA MS,6,English,122,BelowBasic,1.6,2
3,2017,Columbia,BLOOMSBURG AREA SD,BLOOMSBURG AREA MS,6,Math,122,BelowBasic,9,11
3,2017,Columbia,CENTRAL COLUMBIA SD,CENTRAL COLUMBIA MS,6,English,145,BelowBasic,2.1,4
3,2017,Columbia,CENTRAL COLUMBIA SD,CENTRAL COLUMBIA MS,6,Math,145,BelowBasic,8.3,13
3,2017,Columbia,MILLVILLE AREA SD,MILLVILLE AREA EL SC,6,English,40,BelowBasic,5,2
3,2017,Columbia,MILLVILLE AREA SD,MILLVILLE AREA EL SC,6,Math,40,BelowBasic,35,14
3,2017,Columbia,SOUTHERN COLUMBIA AREA SD,SOUTHERN COLUMBIA MS,6,English,100,BelowBasic,7,8
3,2017,Columbia,SOUTHERN COLUMBIA AREA SD,SOUTHERN COLUMBIA MS,6,Math,99,BelowBasic,26.3,27
3,2017,Montour,DANVILLE AREA SD,DANVILLE AREA MS,6,English,173,BelowBasic,3.5,7
3,2017,Montour,DANVILLE AREA SD,DANVILLE AREA MS,6,Math,173,BelowBasic,17.3,30
3,2018,State,,,7,English,124226,Top,62,77021
3,2018,State,,,7,Math,124225,Top,39,48448
3,2018,Columbia,BENTON AREA SD,BENTON MIDDLE-SR HIGH SCHOOL,7,English,41,Top,78.10000000000001,33
3,2018,Columbia,BENTON AREA SD,BENTON MIDDLE-SR HIGH SCHOOL,7,Math,41,Top,36.6,16
3,2018,Columbia,BERWICK AREA SD,BERWICK AREA MS,7,English,215,Top,58.2,126
3,2018,Columbia,BERWICK AREA SD,BERWICK AREA MS,7,Math,213,Top,35.2,75
3,2018,Columbia,BLOOMSBURG AREA SD,BLOOMSBURG AREA MS,7,English,123,Top,64.3,80
3,2018,Columbia,BLOOMSBURG AREA SD,BLOOMSBURG AREA MS,7,Math,125,Top,36,45
3,2018,Columbia,CENTRAL COLUMBIA SD,CENTRAL COLUMBIA MS,7,English,147,Top,78.2,115
3,2018,Columbia,CENTRAL COLUMBIA SD,CENTRAL COLUMBIA MS,7,Math,147,Top,59.900000000000006,89
3,2018,Columbia,MILLVILLE AREA SD,MILLVILLE AREA JSHS,7,English,36,Top,69.4,25
3,2018,Columbia,MILLVILLE AREA SD,MILLVILLE AREA JSHS,7,Math,37,Top,40.5,15
3,2018,Columbia,SOUTHERN COLUMBIA AREA SD,SOUTHERN COLUMBIA MS,7,English,96,Top,74,72
3,2018,Columbia,SOUTHERN COLUMBIA AREA SD,SOUTHERN COLUMBIA MS,7,Math,96,Top,56.3,55
3,2018,Montour,DANVILLE AREA SD,DANVILLE AREA MS,7,English,176,Top,72.8,129
3,2018,Montour,DANVILLE AREA SD,DANVILLE AREA MS,7,Math,176,Top,54.5,96
3,2018,State,,,7,English,124226,Advanced,17.7,21989
3,2018,State,,,7,Math,124225,Advanced,16.2,20125
3,2018,Columbia,BENTON AREA SD,BENTON MIDDLE-SR HIGH SCHOOL,7,English,41,Advanced,12.2,6
3,2018,Columbia,BENTON AREA SD,BENTON MIDDLE-SR HIGH SCHOOL,7,Math,41,Advanced,14.6,6
3,2018,Columbia,BERWICK AREA SD,BERWICK AREA MS,7,English,215,Advanced,12.6,28
3,2018,Columbia,BERWICK AREA SD,BERWICK AREA MS,7,Math,213,Advanced,14.1,31
3,2018,Columbia,BLOOMSBURG AREA SD,BLOOMSBURG AREA MS,7,English,123,Advanced,16.3,21
3,2018,Columbia,BLOOMSBURG AREA SD,BLOOMSBURG AREA MS,7,Math,125,Advanced,13.6,17
3,2018,Columbia,CENTRAL COLUMBIA SD,CENTRAL COLUMBIA MS,7,English,147,Advanced,30.6,45
3,2018,Columbia,CENTRAL COLUMBIA SD,CENTRAL COLUMBIA MS,7,Math,147,Advanced,32.7,49
3,2018,Columbia,MILLVILLE AREA SD,MILLVILLE AREA JSHS,7,English,36,Advanced,25,9
3,2018,Columbia,MILLVILLE AREA SD,MILLVILLE AREA JSHS,7,Math,37,Advanced,5.4,2
3,2018,Columbia,SOUTHERN COLUMBIA AREA SD,SOUTHERN COLUMBIA MS,7,English,96,Advanced,30.2,29
3,2018,Columbia,SOUTHERN COLUMBIA AREA SD,SOUTHERN COLUMBIA MS,7,Math,96,Advanced,29.2,29
3,2018,Montour,DANVILLE AREA SD,DANVILLE AREA MS,7,English,176,Advanced,22.2,40
3,2018,Montour,DANVILLE AREA SD,DANVILLE AREA MS,7,Math,176,Advanced,24.4,43
3,2018,State,,,7,English,124226,Proficient,44.3,55033
3,2018,State,,,7,Math,124225,Proficient,22.8,28324
3,2018,Columbia,BENTON AREA SD,BENTON MIDDLE-SR HIGH SCHOOL,7,English,41,Proficient,65.9,28
3,2018,Columbia,BENTON AREA SD,BENTON MIDDLE-SR HIGH SCHOOL,7,Math,41,Proficient,22,10
3,2018,Columbia,BERWICK AREA SD,BERWICK AREA MS,7,English,215,Proficient,45.6,99
3,2018,Columbia,BERWICK AREA SD,BERWICK AREA MS,7,Math,213,Proficient,21.1,45
3,2018,Columbia,BLOOMSBURG AREA SD,BLOOMSBURG AREA MS,7,English,123,Proficient,48,60
3,2018,Columbia,BLOOMSBURG AREA SD,BLOOMSBURG AREA MS,7,Math,125,Proficient,22.4,28
3,2018,Columbia,CENTRAL COLUMBIA SD,CENTRAL COLUMBIA MS,7,English,147,Proficient,47.6,70
3,2018,Columbia,CENTRAL COLUMBIA SD,CENTRAL COLUMBIA MS,7,Math,147,Proficient,27.2,40
3,2018,Columbia,MILLVILLE AREA SD,MILLVILLE AREA JSHS,7,English,36,Proficient,44.4,16
3,2018,Columbia,MILLVILLE AREA SD,MILLVILLE AREA JSHS,7,Math,37,Proficient,35.1,13
3,2018,Columbia,SOUTHERN COLUMBIA AREA SD,SOUTHERN COLUMBIA MS,7,English,96,Proficient,43.8,43
3,2018,Columbia,SOUTHERN COLUMBIA AREA SD,SOUTHERN COLUMBIA MS,7,Math,96,Proficient,27.1,27
3,2018,Montour,DANVILLE AREA SD,DANVILLE AREA MS,7,English,176,Proficient,50.6,90
3,2018,Montour,DANVILLE AREA SD,DANVILLE AREA MS,7,Math,176,Proficient,30.1,53
3,2018,State,,,7,English,124226,Basic,35.5,44101
3,2018,State,,,7,Math,124225,Basic,23.3,28945
3,2018,Columbia,BENTON AREA SD,BENTON MIDDLE-SR HIGH SCHOOL,7,English,41,Basic,17.1,8
3,2018,Columbia,BENTON AREA SD,BENTON MIDDLE-SR HIGH SCHOOL,7,Math,41,Basic,31.7,13
3,2018,Columbia,BERWICK AREA SD,BERWICK AREA MS,7,English,215,Basic,40.5,88
3,2018,Columbia,BERWICK AREA SD,BERWICK AREA MS,7,Math,213,Basic,30,64
3,2018,Columbia,BLOOMSBURG AREA SD,BLOOMSBURG AREA MS,7,English,123,Basic,35.8,45
3,2018,Columbia,BLOOMSBURG AREA SD,BLOOMSBURG AREA MS,7,Math,125,Basic,37.6,47
3,2018,Columbia,CENTRAL COLUMBIA SD,CENTRAL COLUMBIA MS,7,English,147,Basic,21.1,32
3,2018,Columbia,CENTRAL COLUMBIA SD,CENTRAL COLUMBIA MS,7,Math,147,Basic,24.5,37
3,2018,Columbia,MILLVILLE AREA SD,MILLVILLE AREA JSHS,7,English,36,Basic,30.6,12
3,2018,Columbia,MILLVILLE AREA SD,MILLVILLE AREA JSHS,7,Math,37,Basic,16.2,6
3,2018,Columbia,SOUTHERN COLUMBIA AREA SD,SOUTHERN COLUMBIA MS,7,English,96,Basic,24,24
3,2018,Columbia,SOUTHERN COLUMBIA AREA SD,SOUTHERN COLUMBIA MS,7,Math,96,Basic,24,24
3,2018,Montour,DANVILLE AREA SD,DANVILLE AREA MS,7,English,176,Basic,26.7,47
3,2018,Montour,DANVILLE AREA SD,DANVILLE AREA MS,7,Math,176,Basic,18.8,34
3,2018,State,,,7,English,124226,BelowBasic,2.5,3106
3,2018,State,,,7,Math,124225,BelowBasic,37.8,46958
3,2018,Columbia,BENTON AREA SD,BENTON MIDDLE-SR HIGH SCHOOL,7,English,41,BelowBasic,4.9,3
3,2018,Columbia,BENTON AREA SD,BENTON MIDDLE-SR HIGH SCHOOL,7,Math,41,BelowBasic,31.7,13
3,2018,Columbia,BERWICK AREA SD,BERWICK AREA MS,7,English,215,BelowBasic,1.4,4
3,2018,Columbia,BERWICK AREA SD,BERWICK AREA MS,7,Math,213,BelowBasic,34.7,74
3,2018,Columbia,BLOOMSBURG AREA SD,BLOOMSBURG AREA MS,7,English,123,BelowBasic,0,0
3,2018,Columbia,BLOOMSBURG AREA SD,BLOOMSBURG AREA MS,7,Math,125,BelowBasic,26.4,33
3,2018,Columbia,CENTRAL COLUMBIA SD,CENTRAL COLUMBIA MS,7,English,147,BelowBasic,0.7,2
3,2018,Columbia,CENTRAL COLUMBIA SD,CENTRAL COLUMBIA MS,7,Math,147,BelowBasic,15.6,23
3,2018,Columbia,MILLVILLE AREA SD,MILLVILLE AREA JSHS,7,English,36,BelowBasic,0,0
3,2018,Columbia,MILLVILLE AREA SD,MILLVILLE AREA JSHS,7,Math,37,BelowBasic,43.2,16
3,2018,Columbia,SOUTHERN COLUMBIA AREA SD,SOUTHERN COLUMBIA MS,7,English,96,BelowBasic,2.1,3
3,2018,Columbia,SOUTHERN COLUMBIA AREA SD,SOUTHERN COLUMBIA MS,7,Math,96,BelowBasic,19.8,20
3,2018,Montour,DANVILLE AREA SD,DANVILLE AREA MS,7,English,176,BelowBasic,0.6,2
3,2018,Montour,DANVILLE AREA SD,DANVILLE AREA MS,7,Math,176,BelowBasic,26.7,47
3,2019,State,,,8,English,123503,Top,57.9,71509
3,2019,State,,,8,Math,123186,Top,32.2,39666
3,2019,State,,,8,Science,122654,Top,58.2,71385
3,2019,Columbia,BENTON AREA SD,BENTON AREA MS,8,English,40,Top,72.5,29
3,2019,Columbia,BENTON AREA SD,BENTON AREA MS,8,Math,40,Top,40,16
3,2019,Columbia,BENTON AREA SD,BENTON AREA MS,8,Science,40,Top,70,28
3,2019,Columbia,BERWICK AREA SD,BERWICK AREA MS,8,English,211,Top,55.5,118
3,2019,Columbia,BERWICK AREA SD,BERWICK AREA MS,8,Math,211,Top,27,57
3,2019,Columbia,BERWICK AREA SD,BERWICK AREA MS,8,Science,211,Top,50.7,107
3,2019,Columbia,BLOOMSBURG AREA SD,BLOOMSBURG AREA MS,8,English,121,Top,57,69
3,2019,Columbia,BLOOMSBURG AREA SD,BLOOMSBURG AREA MS,8,Math,120,Top,30.8,37
3,2019,Columbia,BLOOMSBURG AREA SD,BLOOMSBURG AREA MS,8,Science,120,Top,75.8,91
3,2019,Columbia,CENTRAL COLUMBIA SD,CENTRAL COLUMBIA MS,8,English,156,Top,73.7,115
3,2019,Columbia,CENTRAL COLUMBIA SD,CENTRAL COLUMBIA MS,8,Math,156,Top,53.2,83
3,2019,Columbia,CENTRAL COLUMBIA SD,CENTRAL COLUMBIA MS,8,Science,156,Top,75,117
3,2019,Columbia,MILLVILLE AREA SD,MILLVILLE AREA JSHS,8,English,44,Top,70.5,32
3,2019,Columbia,MILLVILLE AREA SD,MILLVILLE AREA JSHS,8,Math,44,Top,22.8,11
3,2019,Columbia,MILLVILLE AREA SD,MILLVILLE AREA JSHS,8,Science,44,Top,70.4,31
3,2019,Columbia,SOUTHERN COLUMBIA AREA SD,SOUTHERN COLUMBIA MS,8,English,99,Top,65.6,65
3,2019,Columbia,SOUTHERN COLUMBIA AREA SD,SOUTHERN COLUMBIA MS,8,Math,98,Top,53.099999999999994,53
3,2019,Columbia,SOUTHERN COLUMBIA AREA SD,SOUTHERN COLUMBIA MS,8,Science,98,Top,69.3,68
3,2019,Montour,DANVILLE AREA SD,DANVILLE AREA MS,8,English,175,Top,73.7,129
3,2019,Montour,DANVILLE AREA SD,DANVILLE AREA MS,8,Math,173,Top,49.7,86
3,2019,Montour,DANVILLE AREA SD,DANVILLE AREA MS,8,Science,171,Top,74.19999999999999,127
3,2019,State,,,8,English,123503,Advanced,16,19761
3,2019,State,,,8,Math,123186,Advanced,9.9,12196
3,2019,State,,,8,Science,122654,Advanced,23.1,28334
3,2019,Columbia,BENTON AREA SD,BENTON AREA MS,8,English,40,Advanced,15,6
3,2019,Columbia,BENTON AREA SD,BENTON AREA MS,8,Math,40,Advanced,15,6
3,2019,Columbia,BENTON AREA SD,BENTON AREA MS,8,Science,40,Advanced,42.5,17
3,2019,Columbia,BERWICK AREA SD,BERWICK AREA MS,8,English,211,Advanced,16.6,36
3,2019,Columbia,BERWICK AREA SD,BERWICK AREA MS,8,Math,211,Advanced,6.6,14
3,2019,Columbia,BERWICK AREA SD,BERWICK AREA MS,8,Science,211,Advanced,16.6,36
3,2019,Columbia,BLOOMSBURG AREA SD,BLOOMSBURG AREA MS,8,English,121,Advanced,13.2,16
3,2019,Columbia,BLOOMSBURG AREA SD,BLOOMSBURG AREA MS,8,Math,120,Advanced,5,6
3,2019,Columbia,BLOOMSBURG AREA SD,BLOOMSBURG AREA MS,8,Science,120,Advanced,37.5,45
3,2019,Columbia,CENTRAL COLUMBIA SD,CENTRAL COLUMBIA MS,8,English,156,Advanced,25.6,40
3,2019,Columbia,CENTRAL COLUMBIA SD,CENTRAL COLUMBIA MS,8,Math,156,Advanced,26.3,42
3,2019,Columbia,CENTRAL COLUMBIA SD,CENTRAL COLUMBIA MS,8,Science,156,Advanced,39.1,61
3,2019,Columbia,MILLVILLE AREA SD,MILLVILLE AREA JSHS,8,English,44,Advanced,18.2,9
3,2019,Columbia,MILLVILLE AREA SD,MILLVILLE AREA JSHS,8,Math,44,Advanced,2.3,2
3,2019,Columbia,MILLVILLE AREA SD,MILLVILLE AREA JSHS,8,Science,44,Advanced,15.9,7
3,2019,Columbia,SOUTHERN COLUMBIA AREA SD,SOUTHERN COLUMBIA MS,8,English,99,Advanced,12.1,12
3,2019,Columbia,SOUTHERN COLUMBIA AREA SD,SOUTHERN COLUMBIA MS,8,Math,98,Advanced,14.3,15
3,2019,Columbia,SOUTHERN COLUMBIA AREA SD,SOUTHERN COLUMBIA MS,8,Science,98,Advanced,22.4,22
3,2019,Montour,DANVILLE AREA SD,DANVILLE AREA MS,8,English,175,Advanced,32.6,58
3,2019,Montour,DANVILLE AREA SD,DANVILLE AREA MS,8,Math,173,Advanced,16.2,29
3,2019,Montour,DANVILLE AREA SD,DANVILLE AREA MS,8,Science,171,Advanced,37.4,64
3,2019,State,,,8,English,123503,Proficient,41.9,51748
3,2019,State,,,8,Math,123186,Proficient,22.3,27471
3,2019,State,,,8,Science,122654,Proficient,35.1,43052
3,2019,Columbia,BENTON AREA SD,BENTON AREA MS,8,English,40,Proficient,57.5,23
3,2019,Columbia,BENTON AREA SD,BENTON AREA MS,8,Math,40,Proficient,25,10
3,2019,Columbia,BENTON AREA SD,BENTON AREA MS,8,Science,40,Proficient,27.5,11
3,2019,Columbia,BERWICK AREA SD,BERWICK AREA MS,8,English,211,Proficient,38.9,83
3,2019,Columbia,BERWICK AREA SD,BERWICK AREA MS,8,Math,211,Proficient,20.4,44
3,2019,Columbia,BERWICK AREA SD,BERWICK AREA MS,8,Science,211,Proficient,34.1,72
3,2019,Columbia,BLOOMSBURG AREA SD,BLOOMSBURG AREA MS,8,English,121,Proficient,43.8,53
3,2019,Columbia,BLOOMSBURG AREA SD,BLOOMSBURG AREA MS,8,Math,120,Proficient,25.8,31
3,2019,Columbia,BLOOMSBURG AREA SD,BLOOMSBURG AREA MS,8,Science,120,Proficient,38.3,46
3,2019,Columbia,CENTRAL COLUMBIA SD,CENTRAL COLUMBIA MS,8,English,156,Proficient,48.1,76
3,2019,Columbia,CENTRAL COLUMBIA SD,CENTRAL COLUMBIA MS,8,Math,156,Proficient,26.9,42
3,2019,Columbia,CENTRAL COLUMBIA SD,CENTRAL COLUMBIA MS,8,Science,156,Proficient,35.9,57
3,2019,Columbia,MILLVILLE AREA SD,MILLVILLE AREA JSHS,8,English,44,Proficient,52.3,24
3,2019,Columbia,MILLVILLE AREA SD,MILLVILLE AREA JSHS,8,Math,44,Proficient,20.5,10
3,2019,Columbia,MILLVILLE AREA SD,MILLVILLE AREA JSHS,8,Science,44,Proficient,54.5,24
3,2019,Columbia,SOUTHERN COLUMBIA AREA SD,SOUTHERN COLUMBIA MS,8,English,99,Proficient,53.5,53
3,2019,Columbia,SOUTHERN COLUMBIA AREA SD,SOUTHERN COLUMBIA MS,8,Math,98,Proficient,38.8,39
3,2019,Columbia,SOUTHERN COLUMBIA AREA SD,SOUTHERN COLUMBIA MS,8,Science,98,Proficient,46.9,46
3,2019,Montour,DANVILLE AREA SD,DANVILLE AREA MS,8,English,175,Proficient,41.1,72
3,2019,Montour,DANVILLE AREA SD,DANVILLE AREA MS,8,Math,173,Proficient,33.5,58
3,2019,Montour,DANVILLE AREA SD,DANVILLE AREA MS,8,Science,171,Proficient,36.8,63
3,2019,State,,,8,English,123503,Basic,30.2,37298
3,2019,State,,,8,Math,123186,Basic,28.2,34739
3,2019,State,,,8,Science,122654,Basic,21.9,26862
3,2019,Columbia,BENTON AREA SD,BENTON AREA MS,8,English,40,Basic,15,6
3,2019,Columbia,BENTON AREA SD,BENTON AREA MS,8,Math,40,Basic,30,12
3,2019,Columbia,BENTON AREA SD,BENTON AREA MS,8,Science,40,Basic,22.5,9
3,2019,Columbia,BERWICK AREA SD,BERWICK AREA MS,8,English,211,Basic,29.9,64
3,2019,Columbia,BERWICK AREA SD,BERWICK AREA MS,8,Math,211,Basic,27,57
3,2019,Columbia,BERWICK AREA SD,BERWICK AREA MS,8,Science,211,Basic,22.7,48
3,2019,Columbia,BLOOMSBURG AREA SD,BLOOMSBURG AREA MS,8,English,121,Basic,38.8,47
3,2019,Columbia,BLOOMSBURG AREA SD,BLOOMSBURG AREA MS,8,Math,120,Basic,37.5,45
3,2019,Columbia,BLOOMSBURG AREA SD,BLOOMSBURG AREA MS,8,Science,120,Basic,15.8,19
3,2019,Columbia,CENTRAL COLUMBIA SD,CENTRAL COLUMBIA MS,8,English,156,Basic,21.2,34
3,2019,Columbia,CENTRAL COLUMBIA SD,CENTRAL COLUMBIA MS,8,Math,156,Basic,30.8,49
3,2019,Columbia,CENTRAL COLUMBIA SD,CENTRAL COLUMBIA MS,8,Science,156,Basic,16.7,27
3,2019,Columbia,MILLVILLE AREA SD,MILLVILLE AREA JSHS,8,English,44,Basic,20.5,10
3,2019,Columbia,MILLVILLE AREA SD,MILLVILLE AREA JSHS,8,Math,44,Basic,36.4,17
3,2019,Columbia,MILLVILLE AREA SD,MILLVILLE AREA JSHS,8,Science,44,Basic,13.6,6
3,2019,Columbia,SOUTHERN COLUMBIA AREA SD,SOUTHERN COLUMBIA MS,8,English,99,Basic,28.3,29
3,2019,Columbia,SOUTHERN COLUMBIA AREA SD,SOUTHERN COLUMBIA MS,8,Math,98,Basic,25.5,25
3,2019,Columbia,SOUTHERN COLUMBIA AREA SD,SOUTHERN COLUMBIA MS,8,Science,98,Basic,19.4,20
3,2019,Montour,DANVILLE AREA SD,DANVILLE AREA MS,8,English,175,Basic,21.1,37
3,2019,Montour,DANVILLE AREA SD,DANVILLE AREA MS,8,Math,173,Basic,26,45
3,2019,Montour,DANVILLE AREA SD,DANVILLE AREA MS,8,Science,171,Basic,14,24
3,2019,State,,,8,English,123503,BelowBasic,11.9,14697
3,2019,State,,,8,Math,123186,BelowBasic,39.6,48782
3,2019,State,,,8,Science,122654,BelowBasic,20,24531
3,2019,Columbia,BENTON AREA SD,BENTON AREA MS,8,English,40,BelowBasic,12.5,5
3,2019,Columbia,BENTON AREA SD,BENTON AREA MS,8,Math,40,BelowBasic,30,12
3,2019,Columbia,BENTON AREA SD,BENTON AREA MS,8,Science,40,BelowBasic,7.5,3
3,2019,Columbia,BERWICK AREA SD,BERWICK AREA MS,8,English,211,BelowBasic,14.7,32
3,2019,Columbia,BERWICK AREA SD,BERWICK AREA MS,8,Math,211,BelowBasic,46,98
3,2019,Columbia,BERWICK AREA SD,BERWICK AREA MS,8,Science,211,BelowBasic,26.5,56
3,2019,Columbia,BLOOMSBURG AREA SD,BLOOMSBURG AREA MS,8,English,121,BelowBasic,4.1,5
3,2019,Columbia,BLOOMSBURG AREA SD,BLOOMSBURG AREA MS,8,Math,120,BelowBasic,31.7,39
3,2019,Columbia,BLOOMSBURG AREA SD,BLOOMSBURG AREA MS,8,Science,120,BelowBasic,8.3,10
3,2019,Columbia,CENTRAL COLUMBIA SD,CENTRAL COLUMBIA MS,8,English,156,BelowBasic,5.1,8
3,2019,Columbia,CENTRAL COLUMBIA SD,CENTRAL COLUMBIA MS,8,Math,156,BelowBasic,16,25
3,2019,Columbia,CENTRAL COLUMBIA SD,CENTRAL COLUMBIA MS,8,Science,156,BelowBasic,8.3,13
3,2019,Columbia,MILLVILLE AREA SD,MILLVILLE AREA JSHS,8,English,44,BelowBasic,9.1,5
3,2019,Columbia,MILLVILLE AREA SD,MILLVILLE AREA JSHS,8,Math,44,BelowBasic,40.9,18
3,2019,Columbia,MILLVILLE AREA SD,MILLVILLE AREA JSHS,8,Science,44,BelowBasic,15.9,7
3,2019,Columbia,SOUTHERN COLUMBIA AREA SD,SOUTHERN COLUMBIA MS,8,English,99,BelowBasic,6.1,7
3,2019,Columbia,SOUTHERN COLUMBIA AREA SD,SOUTHERN COLUMBIA MS,8,Math,98,BelowBasic,21.4,21
3,2019,Columbia,SOUTHERN COLUMBIA AREA SD,SOUTHERN COLUMBIA MS,8,Science,98,BelowBasic,11.2,11
3,2019,Montour,DANVILLE AREA SD,DANVILLE AREA MS,8,English,175,BelowBasic,5.1,9
3,2019,Montour,DANVILLE AREA SD,DANVILLE AREA MS,8,Math,173,BelowBasic,24.3,43
3,2019,Montour,DANVILLE AREA SD,DANVILLE AREA MS,8,Science,171,BelowBasic,11.7,21
3,2022,State,,,11,Math,59247,Top,63.8,37800
3,2022,State,,,11,Math,23768,Top,34.9,8296
3,2022,State,,,11,Science,62545,Top,41.9,26207
3,2022,State,,,11,Science,32909,Top,25.1,8261
3,2022,State,,,11,English,102836,Top,64.9,66741
3,2022,State,,,11,English,47058,Top,44.9,21130
3,2022,Columbia,BENTON AREA SD,BENTON AREA HS,11,Math,16,Top,87.6,15
3,2022,Columbia,BENTON AREA SD,BENTON AREA HS,11,Science,24,Top,45.8,11
3,2022,Columbia,BENTON AREA SD,BENTON AREA HS,11,English,38,Top,52.699999999999996,21
3,2022,Columbia,BERWICK AREA SD,BERWICK AREA HS,11,Math,70,Top,77.19999999999999,55
3,2022,Columbia,BERWICK AREA SD,BERWICK AREA HS,11,Science,121,Top,23.2,29
3,2022,Columbia,BERWICK AREA SD,BERWICK AREA HS,11,English,135,Top,51.1,69
3,2022,Columbia,BLOOMSBURG AREA SD,BLOOMSBURG AREA HS,11,Math,45,Top,82.2,37
3,2022,Columbia,BLOOMSBURG AREA SD,BLOOMSBURG AREA HS,11,Science,37,Top,40.5,15
3,2022,Columbia,BLOOMSBURG AREA SD,BLOOMSBURG AREA HS,11,English,88,Top,78.39999999999999,69
3,2022,Columbia,CENTRAL COLUMBIA SD,CENTRAL COLUMBIA SHS,11,Math,92,Top,90.19999999999999,83
3,2022,Columbia,CENTRAL COLUMBIA SD,CENTRAL COLUMBIA SHS,11,Science,92,Top,42.400000000000006,40
3,2022,Columbia,CENTRAL COLUMBIA SD,CENTRAL COLUMBIA SHS,11,English,134,Top,68.7,93
3,2022,Columbia,COLUMBIA-MONTOUR AVTS,COLUMBIA-MONTOUR AVTS,11,Math,114,Top,22.8,26
3,2022,Columbia,COLUMBIA-MONTOUR AVTS,COLUMBIA-MONTOUR AVTS,11,Science,141,Top,27.6,39
3,2022,Columbia,COLUMBIA-MONTOUR AVTS,COLUMBIA-MONTOUR AVTS,11,English,144,Top,34,49
3,2022,Columbia,MILLVILLE AREA SD,MILLVILLE AREA JSHS,11,Math,11,Top,81.8,9
3,2022,Columbia,MILLVILLE AREA SD,MILLVILLE AREA JSHS,11,Science,30,Top,50,15
3,2022,Columbia,MILLVILLE AREA SD,MILLVILLE AREA JSHS,11,English,32,Top,68.69999999999999,22
3,2022,Columbia,SOUTHERN COLUMBIA AREA SD,SOUTHERN COLUMBIA HS,11,Math,43,Top,95.4,42
3,2022,Columbia,SOUTHERN COLUMBIA AREA SD,SOUTHERN COLUMBIA HS,11,Science,77,Top,55.9,44
3,2022,Columbia,SOUTHERN COLUMBIA AREA SD,SOUTHERN COLUMBIA HS,11,English,79,Top,81.10000000000001,65
3,2022,Columbia,SUSQ-CYBER CS,SUSQ-CYBER CS,11,English,11,Top,54.5,6
3,2022,Montour,DANVILLE AREA SD,DANVILLE AREA SHS,11,Math,108,Top,85.19999999999999,93
3,2022,Montour,DANVILLE AREA SD,DANVILLE AREA SHS,11,Science,82,Top,69.5,57
3,2022,Montour,DANVILLE AREA SD,DANVILLE AREA SHS,11,English,135,Top,87.4,118
3,2022,State,,,11,Math,59247,Advanced,36.4,21566
3,2022,State,,,11,Math,23768,Advanced,16,3803
3,2022,State,,,11,Science,62545,Advanced,13.9,8694
3,2022,State,,,11,Science,32909,Advanced,5.5,1810
3,2022,State,,,11,English,102836,Advanced,10.3,10593
3,2022,State,,,11,English,47058,Advanced,3.8,1789
3,2022,Columbia,BENTON AREA SD,BENTON AREA HS,11,Math,16,Advanced,68.8,12
3,2022,Columbia,BENTON AREA SD,BENTON AREA HS,11,Science,24,Advanced,8.3,2
3,2022,Columbia,BENTON AREA SD,BENTON AREA HS,11,English,38,Advanced,5.3,3
3,2022,Columbia,BERWICK AREA SD,BERWICK AREA HS,11,Math,70,Advanced,34.3,25
3,2022,Columbia,BERWICK AREA SD,BERWICK AREA HS,11,Science,121,Advanced,1.7,3
3,2022,Columbia,BERWICK AREA SD,BERWICK AREA HS,11,English,135,Advanced,0.7,1
3,2022,Columbia,BLOOMSBURG AREA SD,BLOOMSBURG AREA HS,11,Math,45,Advanced,68.9,32
3,2022,Columbia,BLOOMSBURG AREA SD,BLOOMSBURG AREA HS,11,Science,37,Advanced,16.2,6
3,2022,Columbia,BLOOMSBURG AREA SD,BLOOMSBURG AREA HS,11,English,88,Advanced,13.6,12
3,2022,Columbia,CENTRAL COLUMBIA SD,CENTRAL COLUMBIA SHS,11,Math,92,Advanced,54.3,50
3,2022,Columbia,CENTRAL COLUMBIA SD,CENTRAL COLUMBIA SHS,11,Science,92,Advanced,19.6,19
3,2022,Columbia,CENTRAL COLUMBIA SD,CENTRAL COLUMBIA SHS,11,English,134,Advanced,17.2,24
3,2022,Columbia,COLUMBIA-MONTOUR AVTS,COLUMBIA-MONTOUR AVTS,11,Math,114,Advanced,7.9,10
3,2022,Columbia,COLUMBIA-MONTOUR AVTS,COLUMBIA-MONTOUR AVTS,11,Science,141,Advanced,2.1,3
3,2022,Columbia,COLUMBIA-MONTOUR AVTS,COLUMBIA-MONTOUR AVTS,11,English,144,Advanced,0,0
3,2022,Columbia,MILLVILLE AREA SD,MILLVILLE AREA JSHS,11,Math,11,Advanced,9.1,2
3,2022,Columbia,MILLVILLE AREA SD,MILLVILLE AREA JSHS,11,Science,30,Advanced,10,3
3,2022,Columbia,MILLVILLE AREA SD,MILLVILLE AREA JSHS,11,English,32,Advanced,3.1,1
3,2022,Columbia,SOUTHERN COLUMBIA AREA SD,SOUTHERN COLUMBIA HS,11,Math,43,Advanced,62.8,28
3,2022,Columbia,SOUTHERN COLUMBIA AREA SD,SOUTHERN COLUMBIA HS,11,Science,77,Advanced,16.9,14
3,2022,Columbia,SOUTHERN COLUMBIA AREA SD,SOUTHERN COLUMBIA HS,11,English,79,Advanced,12.7,11
3,2022,Columbia,SUSQ-CYBER CS,SUSQ-CYBER CS,11,English,11,Advanced,0,0
3,2022,Montour,DANVILLE AREA SD,DANVILLE AREA SHS,11,Math,108,Advanced,46.3,51
3,2022,Montour,DANVILLE AREA SD,DANVILLE AREA SHS,11,Science,82,Advanced,23.2,20
3,2022,Montour,DANVILLE AREA SD,DANVILLE AREA SHS,11,English,135,Advanced,18.5,25
3,2022,State,,,11,Math,59247,Proficient,27.4,16234
3,2022,State,,,11,Math,23768,Proficient,18.9,4493
3,2022,State,,,11,Science,62545,Proficient,28,17513
3,2022,State,,,11,Science,32909,Proficient,19.6,6451
3,2022,State,,,11,English,102836,Proficient,54.6,56149
3,2022,State,,,11,English,47058,Proficient,41.1,19341
3,2022,Columbia,BENTON AREA SD,BENTON AREA HS,11,Math,16,Proficient,18.8,4
3,2022,Columbia,BENTON AREA SD,BENTON AREA HS,11,Science,24,Proficient,37.5,9
3,2022,Columbia,BENTON AREA SD,BENTON AREA HS,11,English,38,Proficient,47.4,19
3,2022,Columbia,BERWICK AREA SD,BERWICK AREA HS,11,Math,70,Proficient,42.9,31
3,2022,Columbia,BERWICK AREA SD,BERWICK AREA HS,11,Science,121,Proficient,21.5,27
3,2022,Columbia,BERWICK AREA SD,BERWICK AREA HS,11,English,135,Proficient,50.4,69
3,2022,Columbia,BLOOMSBURG AREA SD,BLOOMSBURG AREA HS,11,Math,45,Proficient,13.3,6
3,2022,Columbia,BLOOMSBURG AREA SD,BLOOMSBURG AREA HS,11,Science,37,Proficient,24.3,9
3,2022,Columbia,BLOOMSBURG AREA SD,BLOOMSBURG AREA HS,11,English,88,Proficient,64.8,58
3,2022,Columbia,CENTRAL COLUMBIA SD,CENTRAL COLUMBIA SHS,11,Math,92,Proficient,35.9,34
3,2022,Columbia,CENTRAL COLUMBIA SD,CENTRAL COLUMBIA SHS,11,Science,92,Proficient,22.8,21
3,2022,Columbia,CENTRAL COLUMBIA SD,CENTRAL COLUMBIA SHS,11,English,134,Proficient,51.5,70
3,2022,Columbia,COLUMBIA-MONTOUR AVTS,COLUMBIA-MONTOUR AVTS,11,Math,114,Proficient,14.9,17
3,2022,Columbia,COLUMBIA-MONTOUR AVTS,COLUMBIA-MONTOUR AVTS,11,Science,141,Proficient,25.5,36
3,2022,Columbia,COLUMBIA-MONTOUR AVTS,COLUMBIA-MONTOUR AVTS,11,English,144,Proficient,34,49
3,2022,Columbia,MILLVILLE AREA SD,MILLVILLE AREA JSHS,11,Math,11,Proficient,72.7,8
3,2022,Columbia,MILLVILLE AREA SD,MILLVILLE AREA JSHS,11,Science,30,Proficient,40,12
3,2022,Columbia,MILLVILLE AREA SD,MILLVILLE AREA JSHS,11,English,32,Proficient,65.6,21
3,2022,Columbia,SOUTHERN COLUMBIA AREA SD,SOUTHERN COLUMBIA HS,11,Math,43,Proficient,32.6,15
3,2022,Columbia,SOUTHERN COLUMBIA AREA SD,SOUTHERN COLUMBIA HS,11,Science,77,Proficient,39,31
3,2022,Columbia,SOUTHERN COLUMBIA AREA SD,SOUTHERN COLUMBIA HS,11,English,79,Proficient,68.4,55
3,2022,Columbia,SUSQ-CYBER CS,SUSQ-CYBER CS,11,English,11,Proficient,54.5,6
3,2022,Montour,DANVILLE AREA SD,DANVILLE AREA SHS,11,Math,108,Proficient,38.9,43
3,2022,Montour,DANVILLE AREA SD,DANVILLE AREA SHS,11,Science,82,Proficient,46.3,38
3,2022,Montour,DANVILLE AREA SD,DANVILLE AREA SHS,11,English,135,Proficient,68.9,94
3,2022,State,,,11,Math,59247,Basic,19.6,11613
3,2022,State,,,11,Math,23768,Basic,29.2,6941
3,2022,State,,,11,Science,62545,Basic,33.1,20703
3,2022,State,,,11,Science,32909,Basic,35.7,11749
3,2022,State,,,11,English,102836,Basic,23.9,24578
3,2022,State,,,11,English,47058,Basic,33.7,15859
3,2022,Columbia,BENTON AREA SD,BENTON AREA HS,11,Math,16,Basic,6.3,2
3,2022,Columbia,BENTON AREA SD,BENTON AREA HS,11,Science,24,Basic,33.3,8
3,2022,Columbia,BENTON AREA SD,BENTON AREA HS,11,English,38,Basic,31.6,13
3,2022,Columbia,BERWICK AREA SD,BERWICK AREA HS,11,Math,70,Basic,14.3,11
3,2022,Columbia,BERWICK AREA SD,BERWICK AREA HS,11,Science,121,Basic,47.1,57
3,2022,Columbia,BERWICK AREA SD,BERWICK AREA HS,11,English,135,Basic,31.1,42
3,2022,Columbia,BLOOMSBURG AREA SD,BLOOMSBURG AREA HS,11,Math,45,Basic,13.3,6
3,2022,Columbia,BLOOMSBURG AREA SD,BLOOMSBURG AREA HS,11,Science,37,Basic,43.2,16
3,2022,Columbia,BLOOMSBURG AREA SD,BLOOMSBURG AREA HS,11,English,88,Basic,19.3,17
3,2022,Columbia,CENTRAL COLUMBIA SD,CENTRAL COLUMBIA SHS,11,Math,92,Basic,8.7,9
3,2022,Columbia,CENTRAL COLUMBIA SD,CENTRAL COLUMBIA SHS,11,Science,92,Basic,46.7,43
3,2022,Columbia,CENTRAL COLUMBIA SD,CENTRAL COLUMBIA SHS,11,English,134,Basic,27.6,37
3,2022,Columbia,COLUMBIA-MONTOUR AVTS,COLUMBIA-MONTOUR AVTS,11,Math,114,Basic,50.9,59
3,2022,Columbia,COLUMBIA-MONTOUR AVTS,COLUMBIA-MONTOUR AVTS,11,Science,141,Basic,45.4,65
3,2022,Columbia,COLUMBIA-MONTOUR AVTS,COLUMBIA-MONTOUR AVTS,11,English,144,Basic,43.1,63
3,2022,Columbia,MILLVILLE AREA SD,MILLVILLE AREA JSHS,11,Math,11,Basic,9.1,2
3,2022,Columbia,MILLVILLE AREA SD,MILLVILLE AREA JSHS,11,Science,30,Basic,36.7,12
3,2022,Columbia,MILLVILLE AREA SD,MILLVILLE AREA JSHS,11,English,32,Basic,21.9,8
3,2022,Columbia,SOUTHERN COLUMBIA AREA SD,SOUTHERN COLUMBIA HS,11,Math,43,Basic,0,0
3,2022,Columbia,SOUTHERN COLUMBIA AREA SD,SOUTHERN COLUMBIA HS,11,Science,77,Basic,36.4,29
3,2022,Columbia,SOUTHERN COLUMBIA AREA SD,SOUTHERN COLUMBIA HS,11,English,79,Basic,15.2,13
3,2022,Columbia,SUSQ-CYBER CS,SUSQ-CYBER CS,11,English,11,Basic,27.3,4
3,2022,Montour,DANVILLE AREA SD,DANVILLE AREA SHS,11,Math,108,Basic,12,13
3,2022,Montour,DANVILLE AREA SD,DANVILLE AREA SHS,11,Science,82,Basic,25.6,21
3,2022,Montour,DANVILLE AREA SD,DANVILLE AREA SHS,11,English,135,Basic,11.1,15
3,2022,State,,,11,Math,59247,BelowBasic,16.6,9836
3,2022,State,,,11,Math,23768,BelowBasic,35.9,8533
3,2022,State,,,11,Science,62545,BelowBasic,25.1,15699
3,2022,State,,,11,Science,32909,BelowBasic,39.2,12901
3,2022,State,,,11,English,102836,BelowBasic,11.2,11518
3,2022,State,,,11,English,47058,BelowBasic,21.4,10071
3,2022,Columbia,BENTON AREA SD,BENTON AREA HS,11,Math,16,BelowBasic,6.3,2
3,2022,Columbia,BENTON AREA SD,BENTON AREA HS,11,Science,24,BelowBasic,20.8,5
3,2022,Columbia,BENTON AREA SD,BENTON AREA HS,11,English,38,BelowBasic,15.8,7
3,2022,Columbia,BERWICK AREA SD,BERWICK AREA HS,11,Math,70,BelowBasic,8.6,7
3,2022,Columbia,BERWICK AREA SD,BERWICK AREA HS,11,Science,121,BelowBasic,29.8,37
3,2022,Columbia,BERWICK AREA SD,BERWICK AREA HS,11,English,135,BelowBasic,17.8,25
3,2022,Columbia,BLOOMSBURG AREA SD,BLOOMSBURG AREA HS,11,Math,45,BelowBasic,4.4,2
3,2022,Columbia,BLOOMSBURG AREA SD,BLOOMSBURG AREA HS,11,Science,37,BelowBasic,16.2,6
3,2022,Columbia,BLOOMSBURG AREA SD,BLOOMSBURG AREA HS,11,English,88,BelowBasic,2.3,3
3,2022,Columbia,CENTRAL COLUMBIA SD,CENTRAL COLUMBIA SHS,11,Math,92,BelowBasic,1.1,2
3,2022,Columbia,CENTRAL COLUMBIA SD,CENTRAL COLUMBIA SHS,11,Science,92,BelowBasic,10.9,11
3,2022,Columbia,CENTRAL COLUMBIA SD,CENTRAL COLUMBIA SHS,11,English,134,BelowBasic,3.7,5
3,2022,Columbia,COLUMBIA-MONTOUR AVTS,COLUMBIA-MONTOUR AVTS,11,Math,114,BelowBasic,26.3,30
3,2022,Columbia,COLUMBIA-MONTOUR AVTS,COLUMBIA-MONTOUR AVTS,11,Science,141,BelowBasic,27,39
3,2022,Columbia,COLUMBIA-MONTOUR AVTS,COLUMBIA-MONTOUR AVTS,11,English,144,BelowBasic,22.9,33
3,2022,Columbia,MILLVILLE AREA SD,MILLVILLE AREA JSHS,11,Math,11,BelowBasic,9.1,2
3,2022,Columbia,MILLVILLE AREA SD,MILLVILLE AREA JSHS,11,Science,30,BelowBasic,13.3,4
3,2022,Columbia,MILLVILLE AREA SD,MILLVILLE AREA JSHS,11,English,32,BelowBasic,9.4,4
3,2022,Columbia,SOUTHERN COLUMBIA AREA SD,SOUTHERN COLUMBIA HS,11,Math,43,BelowBasic,4.7,3
3,2022,Columbia,SOUTHERN COLUMBIA AREA SD,SOUTHERN COLUMBIA HS,11,Science,77,BelowBasic,7.8,7
3,2022,Columbia,SOUTHERN COLUMBIA AREA SD,SOUTHERN COLUMBIA HS,11,English,79,BelowBasic,3.8,4
3,2022,Columbia,SUSQ-CYBER CS,SUSQ-CYBER CS,11,English,11,BelowBasic,18.2,3
3,2022,Montour,DANVILLE AREA SD,DANVILLE AREA SHS,11,Math,108,BelowBasic,2.8,4
3,2022,Montour,DANVILLE AREA SD,DANVILLE AREA SHS,11,Science,82,BelowBasic,4.9,5
3,2022,Montour,DANVILLE AREA SD,DANVILLE AREA SHS,11,English,135,BelowBasic,1.5,3
