Year,County,District,School,Subject,Scored,Category,Score,Students
2016,State,,,Math,123525,Top,68.2,84245
2016,State,,,Science,122602,Top,65.80000000000001,80673
2016,State,,,English,123292,Top,76.8,94689
2016,Columbia,BENTON AREA SD,BENTON MIDDLE-SR HIGH SCHOOL,Math,38,Top,89.4,34
2016,Columbia,BENTON AREA SD,BENTON MIDDLE-SR HIGH SCHOOL,Science,38,Top,94.69999999999999,36
2016,Columbia,BENTON AREA SD,BENTON MIDDLE-SR HIGH SCHOOL,English,38,Top,84.2,32
2016,Columbia,BERWICK AREA SD,BERWICK AREA HS,Math,176,Top,75,132
2016,Columbia,BERWICK AREA SD,BERWICK AREA HS,Science,170,Top,68.8,117
2016,Columbia,BERWICK AREA SD,BERWICK AREA HS,English,173,Top,77.5,135
2016,Columbia,BLOOMSBURG AREA SD,BLOOMSBURG AREA HS,Math,103,Top,81.5,84
2016,Columbia,BLOOMSBURG AREA SD,BLOOMSBURG AREA HS,Science,102,Top,83.4,86
2016,Columbia,BLOOMSBURG AREA SD,BLOOMSBURG AREA HS,English,102,Top,93.2,96
2016,Columbia,CENTRAL COLUMBIA SD,CENTRAL COLUMBIA SHS,Math,107,Top,92.5,99
2016,Columbia,CENTRAL COLUMBIA SD,CENTRAL COLUMBIA SHS,Science,108,Top,93.5,101
2016,Columbia,CENTRAL COLUMBIA SD,CENTRAL COLUMBIA SHS,English,111,Top,91.9,103
2016,Columbia,COLUMBIA-MONTOUR AVTS,COLUMBIA-MONTOUR AVTS,Math,143,Top,58,83
2016,Columbia,COLUMBIA-MONTOUR AVTS,COLUMBIA-MONTOUR AVTS,Science,143,Top,56.7,82
2016,Columbia,COLUMBIA-MONTOUR AVTS,COLUMBIA-MONTOUR AVTS,English,143,Top,67.1,96
2016,Columbia,MILLVILLE AREA SD,MILLVILLE AREA JSHS,Math,42,Top,80.9,34
2016,Columbia,MILLVILLE AREA SD,MILLVILLE AREA JSHS,Science,43,Top,81.4,36
2016,Columbia,MILLVILLE AREA SD,MILLVILLE AREA JSHS,English,43,Top,83.7,36
2016,Columbia,SOUTHERN COLUMBIA AREA SD,SOUTHERN COLUMBIA HS,Math,87,Top,85,74
2016,Columbia,SOUTHERN COLUMBIA AREA SD,SOUTHERN COLUMBIA HS,Science,87,Top,82.7,72
2016,Columbia,SOUTHERN COLUMBIA AREA SD,SOUTHERN COLUMBIA HS,English,87,Top,88.5,77
2016,Columbia,SUSQ-CYBER CS,SUSQ-CYBER CS,Math,20,Top,40,8
2016,Columbia,SUSQ-CYBER CS,SUSQ-CYBER CS,Science,19,Top,26.3,5
2016,Columbia,SUSQ-CYBER CS,SUSQ-CYBER CS,English,19,Top,63.2,13
2016,Montour,DANVILLE AREA SD,DANVILLE AREA SHS,Math,140,Top,88.5,124
2016,Montour,DANVILLE AREA SD,DANVILLE AREA SHS,Science,144,Top,90.30000000000001,131
2016,Montour,DANVILLE AREA SD,DANVILLE AREA SHS,English,145,Top,95.8,139
2016,State,,,Math,123525,Advanced,20.6,25447
2016,State,,,Science,122602,Advanced,27.1,33226
2016,State,,,English,123292,Advanced,10,12330
2016,Columbia,BENTON AREA SD,BENTON MIDDLE-SR HIGH SCHOOL,Math,38,Advanced,10.5,4
2016,Columbia,BENTON AREA SD,BENTON MIDDLE-SR HIGH SCHOOL,Science,38,Advanced,28.9,11
2016,Columbia,BENTON AREA SD,BENTON MIDDLE-SR HIGH SCHOOL,English,38,Advanced,7.9,4
2016,Columbia,BERWICK AREA SD,BERWICK AREA HS,Math,176,Advanced,21.6,39
2016,Columbia,BERWICK AREA SD,BERWICK AREA HS,Science,170,Advanced,28.8,49
2016,Columbia,BERWICK AREA SD,BERWICK AREA HS,English,173,Advanced,8.7,16
2016,Columbia,BLOOMSBURG AREA SD,BLOOMSBURG AREA HS,Math,103,Advanced,22.3,23
2016,Columbia,BLOOMSBURG AREA SD,BLOOMSBURG AREA HS,Science,102,Advanced,37.3,39
2016,Columbia,BLOOMSBURG AREA SD,BLOOMSBURG AREA HS,English,102,Advanced,15.7,17
2016,Columbia,CENTRAL COLUMBIA SD,CENTRAL COLUMBIA SHS,Math,107,Advanced,33.6,36
2016,Columbia,CENTRAL COLUMBIA SD,CENTRAL COLUMBIA SHS,Science,108,Advanced,40.7,44
2016,Columbia,CENTRAL COLUMBIA SD,CENTRAL COLUMBIA SHS,English,111,Advanced,13.5,15
2016,Columbia,COLUMBIA-MONTOUR AVTS,COLUMBIA-MONTOUR AVTS,Math,143,Advanced,7,11
2016,Columbia,COLUMBIA-MONTOUR AVTS,COLUMBIA-MONTOUR AVTS,Science,143,Advanced,12.6,19
2016,Columbia,COLUMBIA-MONTOUR AVTS,COLUMBIA-MONTOUR AVTS,English,143,Advanced,2.8,5
2016,Columbia,MILLVILLE AREA SD,MILLVILLE AREA JSHS,Math,42,Advanced,21.4,9
2016,Columbia,MILLVILLE AREA SD,MILLVILLE AREA JSHS,Science,43,Advanced,23.3,11
2016,Columbia,MILLVILLE AREA SD,MILLVILLE AREA JSHS,English,43,Advanced,7,4
2016,Columbia,SOUTHERN COLUMBIA AREA SD,SOUTHERN COLUMBIA HS,Math,87,Advanced,12.6,11
2016,Columbia,SOUTHERN COLUMBIA AREA SD,SOUTHERN COLUMBIA HS,Science,87,Advanced,19.5,17
2016,Columbia,SOUTHERN COLUMBIA AREA SD,SOUTHERN COLUMBIA HS,English,87,Advanced,4.6,5
2016,Columbia,SUSQ-CYBER CS,SUSQ-CYBER CS,Math,20,Advanced,0,0
2016,Columbia,SUSQ-CYBER CS,SUSQ-CYBER CS,Science,19,Advanced,10.5,2
2016,Columbia,SUSQ-CYBER CS,SUSQ-CYBER CS,English,19,Advanced,0,0
2016,Montour,DANVILLE AREA SD,DANVILLE AREA SHS,Math,140,Advanced,41.4,58
2016,Montour,DANVILLE AREA SD,DANVILLE AREA SHS,Science,144,Advanced,48.6,70
2016,Montour,DANVILLE AREA SD,DANVILLE AREA SHS,English,145,Advanced,17.2,25
2016,State,,,Math,123525,Proficient,47.6,58798
2016,State,,,Science,122602,Proficient,38.7,47447
2016,State,,,English,123292,Proficient,66.8,82360
2016,Columbia,BENTON AREA SD,BENTON MIDDLE-SR HIGH SCHOOL,Math,38,Proficient,78.9,30
2016,Columbia,BENTON AREA SD,BENTON MIDDLE-SR HIGH SCHOOL,Science,38,Proficient,65.8,26
2016,Columbia,BENTON AREA SD,BENTON MIDDLE-SR HIGH SCHOOL,English,38,Proficient,76.3,29
2016,Columbia,BERWICK AREA SD,BERWICK AREA HS,Math,176,Proficient,53.4,94
2016,Columbia,BERWICK AREA SD,BERWICK AREA HS,Science,170,Proficient,40,68
2016,Columbia,BERWICK AREA SD,BERWICK AREA HS,English,173,Proficient,68.8,120
2016,Columbia,BLOOMSBURG AREA SD,BLOOMSBURG AREA HS,Math,103,Proficient,59.2,61
2016,Columbia,BLOOMSBURG AREA SD,BLOOMSBURG AREA HS,Science,102,Proficient,46.1,48
2016,Columbia,BLOOMSBURG AREA SD,BLOOMSBURG AREA HS,English,102,Proficient,77.5,80
2016,Columbia,CENTRAL COLUMBIA SD,CENTRAL COLUMBIA SHS,Math,107,Proficient,58.9,64
2016,Columbia,CENTRAL COLUMBIA SD,CENTRAL COLUMBIA SHS,Science,108,Proficient,52.8,58
2016,Columbia,CENTRAL COLUMBIA SD,CENTRAL COLUMBIA SHS,English,111,Proficient,78.4,88
2016,Columbia,COLUMBIA-MONTOUR AVTS,COLUMBIA-MONTOUR AVTS,Math,143,Proficient,51,73
2016,Columbia,COLUMBIA-MONTOUR AVTS,COLUMBIA-MONTOUR AVTS,Science,143,Proficient,44.1,64
2016,Columbia,COLUMBIA-MONTOUR AVTS,COLUMBIA-MONTOUR AVTS,English,143,Proficient,64.3,92
2016,Columbia,MILLVILLE AREA SD,MILLVILLE AREA JSHS,Math,42,Proficient,59.5,25
2016,Columbia,MILLVILLE AREA SD,MILLVILLE AREA JSHS,Science,43,Proficient,58.1,25
2016,Columbia,MILLVILLE AREA SD,MILLVILLE AREA JSHS,English,43,Proficient,76.7,33
2016,Columbia,SOUTHERN COLUMBIA AREA SD,SOUTHERN COLUMBIA HS,Math,87,Proficient,72.4,63
2016,Columbia,SOUTHERN COLUMBIA AREA SD,SOUTHERN COLUMBIA HS,Science,87,Proficient,63.2,55
2016,Columbia,SOUTHERN COLUMBIA AREA SD,SOUTHERN COLUMBIA HS,English,87,Proficient,83.9,73
2016,Columbia,SUSQ-CYBER CS,SUSQ-CYBER CS,Math,20,Proficient,40,8
2016,Columbia,SUSQ-CYBER CS,SUSQ-CYBER CS,Science,19,Proficient,15.8,4
2016,Columbia,SUSQ-CYBER CS,SUSQ-CYBER CS,English,19,Proficient,63.2,13
2016,Montour,DANVILLE AREA SD,DANVILLE AREA SHS,Math,140,Proficient,47.1,66
2016,Montour,DANVILLE AREA SD,DANVILLE AREA SHS,Science,144,Proficient,41.7,61
2016,Montour,DANVILLE AREA SD,DANVILLE AREA SHS,English,145,Proficient,78.6,114
2016,State,,,Math,123525,Basic,23.3,28782
2016,State,,,Science,122602,Basic,19.7,24153
2016,State,,,English,123292,Basic,17,20960
2016,Columbia,BENTON AREA SD,BENTON MIDDLE-SR HIGH SCHOOL,Math,38,Basic,2.6,1
2016,Columbia,BENTON AREA SD,BENTON MIDDLE-SR HIGH SCHOOL,Science,38,Basic,2.6,1
2016,Columbia,BENTON AREA SD,BENTON MIDDLE-SR HIGH SCHOOL,English,38,Basic,10.5,4
2016,Columbia,BERWICK AREA SD,BERWICK AREA HS,Math,176,Basic,21.6,39
2016,Columbia,BERWICK AREA SD,BERWICK AREA HS,Science,170,Basic,17.6,30
2016,Columbia,BERWICK AREA SD,BERWICK AREA HS,English,173,Basic,19.1,34
2016,Columbia,BLOOMSBURG AREA SD,BLOOMSBURG AREA HS,Math,103,Basic,16.5,17
2016,Columbia,BLOOMSBURG AREA SD,BLOOMSBURG AREA HS,Science,102,Basic,11.8,13
2016,Columbia,BLOOMSBURG AREA SD,BLOOMSBURG AREA HS,English,102,Basic,3.9,4
2016,Columbia,CENTRAL COLUMBIA SD,CENTRAL COLUMBIA SHS,Math,107,Basic,7.5,9
2016,Columbia,CENTRAL COLUMBIA SD,CENTRAL COLUMBIA SHS,Science,108,Basic,3.7,4
2016,Columbia,CENTRAL COLUMBIA SD,CENTRAL COLUMBIA SHS,English,111,Basic,7.2,8
2016,Columbia,COLUMBIA-MONTOUR AVTS,COLUMBIA-MONTOUR AVTS,Math,143,Basic,35.7,52
2016,Columbia,COLUMBIA-MONTOUR AVTS,COLUMBIA-MONTOUR AVTS,Science,143,Basic,28.7,42
2016,Columbia,COLUMBIA-MONTOUR AVTS,COLUMBIA-MONTOUR AVTS,English,143,Basic,29.4,43
2016,Columbia,MILLVILLE AREA SD,MILLVILLE AREA JSHS,Math,42,Basic,9.5,4
2016,Columbia,MILLVILLE AREA SD,MILLVILLE AREA JSHS,Science,43,Basic,11.6,5
2016,Columbia,MILLVILLE AREA SD,MILLVILLE AREA JSHS,English,43,Basic,11.6,5
2016,Columbia,SOUTHERN COLUMBIA AREA SD,SOUTHERN COLUMBIA HS,Math,87,Basic,11.5,11
2016,Columbia,SOUTHERN COLUMBIA AREA SD,SOUTHERN COLUMBIA HS,Science,87,Basic,11.5,11
2016,Columbia,SOUTHERN COLUMBIA AREA SD,SOUTHERN COLUMBIA HS,English,87,Basic,5.7,5
2016,Columbia,SUSQ-CYBER CS,SUSQ-CYBER CS,Math,20,Basic,45,9
2016,Columbia,SUSQ-CYBER CS,SUSQ-CYBER CS,Science,19,Basic,47.4,10
2016,Columbia,SUSQ-CYBER CS,SUSQ-CYBER CS,English,19,Basic,31.6,7
2016,Montour,DANVILLE AREA SD,DANVILLE AREA SHS,Math,140,Basic,10.7,15
2016,Montour,DANVILLE AREA SD,DANVILLE AREA SHS,Science,144,Basic,8.3,12
2016,Montour,DANVILLE AREA SD,DANVILLE AREA SHS,English,145,Basic,3.4,5
2016,State,,,Math,123525,BelowBasic,8.4,10377
2016,State,,,Science,122602,BelowBasic,14.5,17778
2016,State,,,English,123292,BelowBasic,6.2,7645
2016,Columbia,BENTON AREA SD,BENTON MIDDLE-SR HIGH SCHOOL,Math,38,BelowBasic,7.9,4
2016,Columbia,BENTON AREA SD,BENTON MIDDLE-SR HIGH SCHOOL,Science,38,BelowBasic,2.6,1
2016,Columbia,BENTON AREA SD,BENTON MIDDLE-SR HIGH SCHOOL,English,38,BelowBasic,5.3,3
2016,Columbia,BERWICK AREA SD,BERWICK AREA HS,Math,176,BelowBasic,3.4,6
2016,Columbia,BERWICK AREA SD,BERWICK AREA HS,Science,170,BelowBasic,13.5,23
2016,Columbia,BERWICK AREA SD,BERWICK AREA HS,English,173,BelowBasic,3.5,7
2016,Columbia,BLOOMSBURG AREA SD,BLOOMSBURG AREA HS,Math,103,BelowBasic,1.9,2
2016,Columbia,BLOOMSBURG AREA SD,BLOOMSBURG AREA HS,Science,102,BelowBasic,4.9,5
2016,Columbia,BLOOMSBURG AREA SD,BLOOMSBURG AREA HS,English,102,BelowBasic,2.9,3
2016,Columbia,CENTRAL COLUMBIA SD,CENTRAL COLUMBIA SHS,Math,107,BelowBasic,0,0
2016,Columbia,CENTRAL COLUMBIA SD,CENTRAL COLUMBIA SHS,Science,108,BelowBasic,2.8,4
2016,Columbia,CENTRAL COLUMBIA SD,CENTRAL COLUMBIA SHS,English,111,BelowBasic,0.9,1
2016,Columbia,COLUMBIA-MONTOUR AVTS,COLUMBIA-MONTOUR AVTS,Math,143,BelowBasic,6.3,10
2016,Columbia,COLUMBIA-MONTOUR AVTS,COLUMBIA-MONTOUR AVTS,Science,143,BelowBasic,14.7,22
2016,Columbia,COLUMBIA-MONTOUR AVTS,COLUMBIA-MONTOUR AVTS,English,143,BelowBasic,3.5,6
2016,Columbia,MILLVILLE AREA SD,MILLVILLE AREA JSHS,Math,42,BelowBasic,9.5,4
2016,Columbia,MILLVILLE AREA SD,MILLVILLE AREA JSHS,Science,43,BelowBasic,7,4
2016,Columbia,MILLVILLE AREA SD,MILLVILLE AREA JSHS,English,43,BelowBasic,4.7,3
2016,Columbia,SOUTHERN COLUMBIA AREA SD,SOUTHERN COLUMBIA HS,Math,87,BelowBasic,3.4,3
2016,Columbia,SOUTHERN COLUMBIA AREA SD,SOUTHERN COLUMBIA HS,Science,87,BelowBasic,5.7,5
2016,Columbia,SOUTHERN COLUMBIA AREA SD,SOUTHERN COLUMBIA HS,English,87,BelowBasic,5.7,5
2016,Columbia,SUSQ-CYBER CS,SUSQ-CYBER CS,Math,20,BelowBasic,15,3
2016,Columbia,SUSQ-CYBER CS,SUSQ-CYBER CS,Science,19,BelowBasic,26.3,5
2016,Columbia,SUSQ-CYBER CS,SUSQ-CYBER CS,English,19,BelowBasic,5.3,2
2016,Montour,DANVILLE AREA SD,DANVILLE AREA SHS,Math,140,BelowBasic,0.7,1
2016,Montour,DANVILLE AREA SD,DANVILLE AREA SHS,Science,144,BelowBasic,1.4,3
2016,Montour,DANVILLE AREA SD,DANVILLE AREA SHS,English,145,BelowBasic,0.7,2
2017,State,,,Math,123648,Top,65.6,81114
2017,State,,,Math,57690,Top,44.800000000000004,25846
2017,State,,,Science,122518,Top,63.5,77799
2017,State,,,Science,56742,Top,42.5,24116
2017,State,,,English,122697,Top,72.7,89201
2017,State,,,English,56769,Top,54.1,30713
2017,Columbia,BENTON AREA SD,BENTON MIDDLE-SR HIGH SCHOOL,Math,40,Top,80,32
2017,Columbia,BENTON AREA SD,BENTON MIDDLE-SR HIGH SCHOOL,Science,39,Top,87.2,35
2017,Columbia,BENTON AREA SD,BENTON MIDDLE-SR HIGH SCHOOL,English,40,Top,72.5,29
2017,Columbia,BERWICK AREA SD,BERWICK AREA HS,Math,157,Top,82.1,129
2017,Columbia,BERWICK AREA SD,BERWICK AREA HS,Science,156,Top,68.6,108
2017,Columbia,BERWICK AREA SD,BERWICK AREA HS,English,155,Top,76.7,119
2017,Columbia,BLOOMSBURG AREA SD,BLOOMSBURG AREA HS,Math,109,Top,85.30000000000001,93
2017,Columbia,BLOOMSBURG AREA SD,BLOOMSBURG AREA HS,Science,109,Top,81.6,89
2017,Columbia,BLOOMSBURG AREA SD,BLOOMSBURG AREA HS,English,110,Top,83.7,93
2017,Columbia,CENTRAL COLUMBIA SD,CENTRAL COLUMBIA SHS,Math,122,Top,86.8,106
2017,Columbia,CENTRAL COLUMBIA SD,CENTRAL COLUMBIA SHS,Science,125,Top,84.8,106
2017,Columbia,CENTRAL COLUMBIA SD,CENTRAL COLUMBIA SHS,English,125,Top,89.6,112
2017,Columbia,COLUMBIA-MONTOUR AVTS,COLUMBIA-MONTOUR AVTS,Math,152,Top,52.6,80
2017,Columbia,COLUMBIA-MONTOUR AVTS,COLUMBIA-MONTOUR AVTS,Science,152,Top,38.8,59
2017,Columbia,COLUMBIA-MONTOUR AVTS,COLUMBIA-MONTOUR AVTS,English,152,Top,54.6,83
2017,Columbia,MILLVILLE AREA SD,MILLVILLE AREA JSHS,Math,45,Top,75.6,35
2017,Columbia,MILLVILLE AREA SD,MILLVILLE AREA JSHS,Science,45,Top,68.9,32
2017,Columbia,MILLVILLE AREA SD,MILLVILLE AREA JSHS,English,45,Top,77.7,35
2017,Columbia,SOUTHERN COLUMBIA AREA SD,SOUTHERN COLUMBIA HS,Math,93,Top,85,80
2017,Columbia,SOUTHERN COLUMBIA AREA SD,SOUTHERN COLUMBIA HS,Science,93,Top,78.5,74
2017,Columbia,SOUTHERN COLUMBIA AREA SD,SOUTHERN COLUMBIA HS,English,93,Top,88.2,83
2017,Columbia,SUSQ-CYBER CS,SUSQ-CYBER CS,Math,14,Top,28.6,5
2017,Columbia,SUSQ-CYBER CS,SUSQ-CYBER CS,Science,14,Top,35.7,5
2017,Columbia,SUSQ-CYBER CS,SUSQ-CYBER CS,English,14,Top,50,7
2017,Montour,DANVILLE AREA SD,DANVILLE AREA SHS,Math,135,Top,81.5,111
2017,Montour,DANVILLE AREA SD,DANVILLE AREA SHS,Science,140,Top,80.7,113
2017,Montour,DANVILLE AREA SD,DANVILLE AREA SHS,English,142,Top,92.30000000000001,132
2017,State,,,Math,123648,Advanced,22.2,27450
2017,State,,,Math,57690,Advanced,10.1,5827
2017,State,,,Science,122518,Advanced,27.6,33815
2017,State,,,Science,56742,Advanced,12.3,6980
2017,State,,,English,122697,Advanced,8.8,10798
2017,State,,,English,56769,Advanced,2.9,1647
2017,Columbia,BENTON AREA SD,BENTON MIDDLE-SR HIGH SCHOOL,Math,40,Advanced,40,16
2017,Columbia,BENTON AREA SD,BENTON MIDDLE-SR HIGH SCHOOL,Science,39,Advanced,46.2,19
2017,Columbia,BENTON AREA SD,BENTON MIDDLE-SR HIGH SCHOOL,English,40,Advanced,2.5,1
2017,Columbia,BERWICK AREA SD,BERWICK AREA HS,Math,157,Advanced,35,55
2017,Columbia,BERWICK AREA SD,BERWICK AREA HS,Science,156,Advanced,29.5,47
2017,Columbia,BERWICK AREA SD,BERWICK AREA HS,English,155,Advanced,3.2,5
2017,Columbia,BLOOMSBURG AREA SD,BLOOMSBURG AREA HS,Math,109,Advanced,21.1,23
2017,Columbia,BLOOMSBURG AREA SD,BLOOMSBURG AREA HS,Science,109,Advanced,37.6,41
2017,Columbia,BLOOMSBURG AREA SD,BLOOMSBURG AREA HS,English,110,Advanced,6.4,8
2017,Columbia,CENTRAL COLUMBIA SD,CENTRAL COLUMBIA SHS,Math,122,Advanced,27,33
2017,Columbia,CENTRAL COLUMBIA SD,CENTRAL COLUMBIA SHS,Science,125,Advanced,40.8,51
2017,Columbia,CENTRAL COLUMBIA SD,CENTRAL COLUMBIA SHS,English,125,Advanced,12.8,16
2017,Columbia,COLUMBIA-MONTOUR AVTS,COLUMBIA-MONTOUR AVTS,Math,152,Advanced,10.5,16
2017,Columbia,COLUMBIA-MONTOUR AVTS,COLUMBIA-MONTOUR AVTS,Science,152,Advanced,12.5,19
2017,Columbia,COLUMBIA-MONTOUR AVTS,COLUMBIA-MONTOUR AVTS,English,152,Advanced,2,4
2017,Columbia,MILLVILLE AREA SD,MILLVILLE AREA JSHS,Math,45,Advanced,37.8,18
2017,Columbia,MILLVILLE AREA SD,MILLVILLE AREA JSHS,Science,45,Advanced,20,9
2017,Columbia,MILLVILLE AREA SD,MILLVILLE AREA JSHS,English,45,Advanced,13.3,6
2017,Columbia,SOUTHERN COLUMBIA AREA SD,SOUTHERN COLUMBIA HS,Math,93,Advanced,9.7,10
2017,Columbia,SOUTHERN COLUMBIA AREA SD,SOUTHERN COLUMBIA HS,Science,93,Advanced,30.1,28
2017,Columbia,SOUTHERN COLUMBIA AREA SD,SOUTHERN COLUMBIA HS,English,93,Advanced,4.3,4
2017,Columbia,SUSQ-CYBER CS,SUSQ-CYBER CS,Math,14,Advanced,0,0
2017,Columbia,SUSQ-CYBER CS,SUSQ-CYBER CS,Science,14,Advanced,0,0
2017,Columbia,SUSQ-CYBER CS,SUSQ-CYBER CS,English,14,Advanced,0,0
2017,Montour,DANVILLE AREA SD,DANVILLE AREA SHS,Math,135,Advanced,43,59
2017,Montour,DANVILLE AREA SD,DANVILLE AREA SHS,Science,140,Advanced,52.1,73
2017,Montour,DANVILLE AREA SD,DANVILLE AREA SHS,English,142,Advanced,25.4,37
2017,State,,,Math,123648,Proficient,43.4,53664
2017,State,,,Math,57690,Proficient,34.7,20019
2017,State,,,Science,122518,Proficient,35.9,43984
2017,State,,,Science,56742,Proficient,30.2,17137
2017,State,,,English,122697,Proficient,63.9,78404
2017,State,,,English,56769,Proficient,51.2,29066
2017,Columbia,BENTON AREA SD,BENTON MIDDLE-SR HIGH SCHOOL,Math,40,Proficient,40,16
2017,Columbia,BENTON AREA SD,BENTON MIDDLE-SR HIGH SCHOOL,Science,39,Proficient,41,16
2017,Columbia,BENTON AREA SD,BENTON MIDDLE-SR HIGH SCHOOL,English,40,Proficient,70,28
2017,Columbia,BERWICK AREA SD,BERWICK AREA HS,Math,157,Proficient,47.1,74
2017,Columbia,BERWICK AREA SD,BERWICK AREA HS,Science,156,Proficient,39.1,61
2017,Columbia,BERWICK AREA SD,BERWICK AREA HS,English,155,Proficient,73.5,114
2017,Columbia,BLOOMSBURG AREA SD,BLOOMSBURG AREA HS,Math,109,Proficient,64.2,70
2017,Columbia,BLOOMSBURG AREA SD,BLOOMSBURG AREA HS,Science,109,Proficient,44,48
2017,Columbia,BLOOMSBURG AREA SD,BLOOMSBURG AREA HS,English,110,Proficient,77.3,86
2017,Columbia,CENTRAL COLUMBIA SD,CENTRAL COLUMBIA SHS,Math,122,Proficient,59.8,73
2017,Columbia,CENTRAL COLUMBIA SD,CENTRAL COLUMBIA SHS,Science,125,Proficient,44,55
2017,Columbia,CENTRAL COLUMBIA SD,CENTRAL COLUMBIA SHS,English,125,Proficient,76.8,96
2017,Columbia,COLUMBIA-MONTOUR AVTS,COLUMBIA-MONTOUR AVTS,Math,152,Proficient,42.1,64
2017,Columbia,COLUMBIA-MONTOUR AVTS,COLUMBIA-MONTOUR AVTS,Science,152,Proficient,26.3,40
2017,Columbia,COLUMBIA-MONTOUR AVTS,COLUMBIA-MONTOUR AVTS,English,152,Proficient,52.6,80
2017,Columbia,MILLVILLE AREA SD,MILLVILLE AREA JSHS,Math,45,Proficient,37.8,18
2017,Columbia,MILLVILLE AREA SD,MILLVILLE AREA JSHS,Science,45,Proficient,48.9,23
2017,Columbia,MILLVILLE AREA SD,MILLVILLE AREA JSHS,English,45,Proficient,64.4,29
2017,Columbia,SOUTHERN COLUMBIA AREA SD,SOUTHERN COLUMBIA HS,Math,93,Proficient,75.3,71
2017,Columbia,SOUTHERN COLUMBIA AREA SD,SOUTHERN COLUMBIA HS,Science,93,Proficient,48.4,46
2017,Columbia,SOUTHERN COLUMBIA AREA SD,SOUTHERN COLUMBIA HS,English,93,Proficient,83.9,79
2017,Columbia,SUSQ-CYBER CS,SUSQ-CYBER CS,Math,14,Proficient,28.6,5
2017,Columbia,SUSQ-CYBER CS,SUSQ-CYBER CS,Science,14,Proficient,35.7,5
2017,Columbia,SUSQ-CYBER CS,SUSQ-CYBER CS,English,14,Proficient,50,7
2017,Montour,DANVILLE AREA SD,DANVILLE AREA SHS,Math,135,Proficient,38.5,52
2017,Montour,DANVILLE AREA SD,DANVILLE AREA SHS,Science,140,Proficient,28.6,41
2017,Montour,DANVILLE AREA SD,DANVILLE AREA SHS,English,142,Proficient,66.9,95
2017,State,,,Math,123648,Basic,24.5,30294
2017,State,,,Math,57690,Basic,36.2,20884
2017,State,,,Science,122518,Basic,20.5,25117
2017,State,,,Science,56742,Basic,28.1,15945
2017,State,,,English,122697,Basic,19.6,24049
2017,State,,,English,56769,Basic,30.8,17485
2017,Columbia,BENTON AREA SD,BENTON MIDDLE-SR HIGH SCHOOL,Math,40,Basic,7.5,3
2017,Columbia,BENTON AREA SD,BENTON MIDDLE-SR HIGH SCHOOL,Science,39,Basic,7.7,4
2017,Columbia,BENTON AREA SD,BENTON MIDDLE-SR HIGH SCHOOL,English,40,Basic,15,6
2017,Columbia,BERWICK AREA SD,BERWICK AREA HS,Math,157,Basic,15.3,25
2017,Columbia,BERWICK AREA SD,BERWICK AREA HS,Science,156,Basic,16.7,27
2017,Columbia,BERWICK AREA SD,BERWICK AREA HS,English,155,Basic,18.7,29
2017,Columbia,BLOOMSBURG AREA SD,BLOOMSBURG AREA HS,Math,109,Basic,12.8,14
2017,Columbia,BLOOMSBURG AREA SD,BLOOMSBURG AREA HS,Science,109,Basic,15.6,18
2017,Columbia,BLOOMSBURG AREA SD,BLOOMSBURG AREA HS,English,110,Basic,13.6,15
2017,Columbia,CENTRAL COLUMBIA SD,CENTRAL COLUMBIA SHS,Math,122,Basic,10.7,14
2017,Columbia,CENTRAL COLUMBIA SD,CENTRAL COLUMBIA SHS,Science,125,Basic,11.2,14
2017,Columbia,CENTRAL COLUMBIA SD,CENTRAL COLUMBIA SHS,English,125,Basic,9.6,12
2017,Columbia,COLUMBIA-MONTOUR AVTS,COLUMBIA-MONTOUR AVTS,Math,152,Basic,38.8,59
2017,Columbia,COLUMBIA-MONTOUR AVTS,COLUMBIA-MONTOUR AVTS,Science,152,Basic,44.1,68
2017,Columbia,COLUMBIA-MONTOUR AVTS,COLUMBIA-MONTOUR AVTS,English,152,Basic,38.2,59
2017,Columbia,MILLVILLE AREA SD,MILLVILLE AREA JSHS,Math,45,Basic,15.6,8
2017,Columbia,MILLVILLE AREA SD,MILLVILLE AREA JSHS,Science,45,Basic,15.6,8
2017,Columbia,MILLVILLE AREA SD,MILLVILLE AREA JSHS,English,45,Basic,13.3,6
2017,Columbia,SOUTHERN COLUMBIA AREA SD,SOUTHERN COLUMBIA HS,Math,93,Basic,11.8,11
2017,Columbia,SOUTHERN COLUMBIA AREA SD,SOUTHERN COLUMBIA HS,Science,93,Basic,16.1,15
2017,Columbia,SOUTHERN COLUMBIA AREA SD,SOUTHERN COLUMBIA HS,English,93,Basic,9.7,10
2017,Columbia,SUSQ-CYBER CS,SUSQ-CYBER CS,Math,14,Basic,57.1,8
2017,Columbia,SUSQ-CYBER CS,SUSQ-CYBER CS,Science,14,Basic,21.4,3
2017,Columbia,SUSQ-CYBER CS,SUSQ-CYBER CS,English,14,Basic,35.7,5
2017,Montour,DANVILLE AREA SD,DANVILLE AREA SHS,Math,135,Basic,14.8,20
2017,Montour,DANVILLE AREA SD,DANVILLE AREA SHS,Science,140,Basic,17.1,24
2017,Montour,DANVILLE AREA SD,DANVILLE AREA SHS,English,142,Basic,5.6,8
2017,State,,,Math,123648,BelowBasic,9.9,12242
2017,State,,,Math,57690,BelowBasic,19.1,11019
2017,State,,,Science,122518,BelowBasic,16,19603
2017,State,,,Science,56742,BelowBasic,29.4,16683
2017,State,,,English,122697,BelowBasic,7.7,9448
2017,State,,,English,56769,BelowBasic,15,8516
2017,Columbia,BENTON AREA SD,BENTON MIDDLE-SR HIGH SCHOOL,Math,40,BelowBasic,12.5,5
2017,Columbia,BENTON AREA SD,BENTON MIDDLE-SR HIGH SCHOOL,Science,39,BelowBasic,5.1,2
2017,Columbia,BENTON AREA SD,BENTON MIDDLE-SR HIGH SCHOOL,English,40,BelowBasic,12.5,5
2017,Columbia,BERWICK AREA SD,BERWICK AREA HS,Math,157,BelowBasic,2.5,4
2017,Columbia,BERWICK AREA SD,BERWICK AREA HS,Science,156,BelowBasic,14.7,23
2017,Columbia,BERWICK AREA SD,BERWICK AREA HS,English,155,BelowBasic,4.5,7
2017,Columbia,BLOOMSBURG AREA SD,BLOOMSBURG AREA HS,Math,109,BelowBasic,1.8,2
2017,Columbia,BLOOMSBURG AREA SD,BLOOMSBURG AREA HS,Science,109,BelowBasic,2.8,4
2017,Columbia,BLOOMSBURG AREA SD,BLOOMSBURG AREA HS,English,110,BelowBasic,2.7,3
2017,Columbia,CENTRAL COLUMBIA SD,CENTRAL COLUMBIA SHS,Math,122,BelowBasic,2.5,4
2017,Columbia,CENTRAL COLUMBIA SD,CENTRAL COLUMBIA SHS,Science,125,BelowBasic,4,5
2017,Columbia,CENTRAL COLUMBIA SD,CENTRAL COLUMBIA SHS,English,125,BelowBasic,0.8,1
2017,Columbia,COLUMBIA-MONTOUR AVTS,COLUMBIA-MONTOUR AVTS,Math,152,BelowBasic,8.6,14
2017,Columbia,COLUMBIA-MONTOUR AVTS,COLUMBIA-MONTOUR AVTS,Science,152,BelowBasic,17.1,26
2017,Columbia,COLUMBIA-MONTOUR AVTS,COLUMBIA-MONTOUR AVTS,English,152,BelowBasic,7.2,11
2017,Columbia,MILLVILLE AREA SD,MILLVILLE AREA JSHS,Math,45,BelowBasic,8.9,5
2017,Columbia,MILLVILLE AREA SD,MILLVILLE AREA JSHS,Science,45,BelowBasic,15.6,8
2017,Columbia,MILLVILLE AREA SD,MILLVILLE AREA JSHS,English,45,BelowBasic,8.9,5
2017,Columbia,SOUTHERN COLUMBIA AREA SD,SOUTHERN COLUMBIA HS,Math,93,BelowBasic,3.2,3
2017,Columbia,SOUTHERN COLUMBIA AREA SD,SOUTHERN COLUMBIA HS,Science,93,BelowBasic,5.4,6
2017,Columbia,SOUTHERN COLUMBIA AREA SD,SOUTHERN COLUMBIA HS,English,93,BelowBasic,2.2,3
2017,Columbia,SUSQ-CYBER CS,SUSQ-CYBER CS,Math,14,BelowBasic,14.3,3
2017,Columbia,SUSQ-CYBER CS,SUSQ-CYBER CS,Science,14,BelowBasic,42.9,7
2017,Columbia,SUSQ-CYBER CS,SUSQ-CYBER CS,English,14,BelowBasic,14.3,3
2017,Montour,DANVILLE AREA SD,DANVILLE AREA SHS,Math,135,BelowBasic,3.7,5
2017,Montour,DANVILLE AREA SD,DANVILLE AREA SHS,Science,140,BelowBasic,2.1,3
2017,Montour,DANVILLE AREA SD,DANVILLE AREA SHS,English,142,BelowBasic,2.1,3
2018,State,,,Math,122260,Top,65.2,79714
2018,State,,,Science,121144,Top,64.4,78017
2018,State,,,English,121508,Top,72.7,88337
2018,Columbia,BENTON AREA SD,BENTON MIDDLE-SR HIGH SCHOOL,Math,36,Top,75,27
2018,Columbia,BENTON AREA SD,BENTON MIDDLE-SR HIGH SCHOOL,Science,35,Top,85.7,30
2018,Columbia,BENTON AREA SD,BENTON MIDDLE-SR HIGH SCHOOL,English,35,Top,82.89999999999999,30
2018,Columbia,BERWICK AREA SD,BERWICK AREA HS,Math,155,Top,76.80000000000001,120
2018,Columbia,BERWICK AREA SD,BERWICK AREA HS,Science,155,Top,71,111
2018,Columbia,BERWICK AREA SD,BERWICK AREA HS,English,154,Top,77.89999999999999,120
2018,Columbia,BLOOMSBURG AREA SD,BLOOMSBURG AREA HS,Math,75,Top,70.6,53
2018,Columbia,BLOOMSBURG AREA SD,BLOOMSBURG AREA HS,Science,76,Top,59.2,45
2018,Columbia,BLOOMSBURG AREA SD,BLOOMSBURG AREA HS,English,77,Top,80.5,62
2018,Columbia,CENTRAL COLUMBIA SD,CENTRAL COLUMBIA SHS,Math,128,Top,87.5,112
2018,Columbia,CENTRAL COLUMBIA SD,CENTRAL COLUMBIA SHS,Science,128,Top,87.5,112
2018,Columbia,CENTRAL COLUMBIA SD,CENTRAL COLUMBIA SHS,English,129,Top,89.9,116
2018,Columbia,COLUMBIA-MONTOUR AVTS,COLUMBIA-MONTOUR AVTS,Math,137,Top,54,74
2018,Columbia,COLUMBIA-MONTOUR AVTS,COLUMBIA-MONTOUR AVTS,Science,138,Top,48.6,68
2018,Columbia,COLUMBIA-MONTOUR AVTS,COLUMBIA-MONTOUR AVTS,English,138,Top,43.4,60
2018,Columbia,MILLVILLE AREA SD,MILLVILLE AREA JSHS,Math,42,Top,66.7,29
2018,Columbia,MILLVILLE AREA SD,MILLVILLE AREA JSHS,Science,42,Top,64.3,28
2018,Columbia,MILLVILLE AREA SD,MILLVILLE AREA JSHS,English,41,Top,68.3,29
2018,Columbia,SOUTHERN COLUMBIA AREA SD,SOUTHERN COLUMBIA HS,Math,106,Top,85.80000000000001,91
2018,Columbia,SOUTHERN COLUMBIA AREA SD,SOUTHERN COLUMBIA HS,Science,107,Top,81.3,87
2018,Columbia,SOUTHERN COLUMBIA AREA SD,SOUTHERN COLUMBIA HS,English,107,Top,87.9,95
2018,Columbia,SUSQ-CYBER CS,SUSQ-CYBER CS,Science,11,Top,18.2,3
2018,Montour,DANVILLE AREA SD,DANVILLE AREA SHS,Math,147,Top,85,125
2018,Montour,DANVILLE AREA SD,DANVILLE AREA SHS,Science,155,Top,88.4,138
2018,Montour,DANVILLE AREA SD,DANVILLE AREA SHS,English,156,Top,91.69999999999999,144
2018,State,,,Math,122260,Advanced,23.5,28732
2018,State,,,Science,121144,Advanced,27,32709
2018,State,,,English,121508,Advanced,10,12151
2018,Columbia,BENTON AREA SD,BENTON MIDDLE-SR HIGH SCHOOL,Math,36,Advanced,13.9,6
2018,Columbia,BENTON AREA SD,BENTON MIDDLE-SR HIGH SCHOOL,Science,35,Advanced,37.1,13
2018,Columbia,BENTON AREA SD,BENTON MIDDLE-SR HIGH SCHOOL,English,35,Advanced,8.6,4
2018,Columbia,BERWICK AREA SD,BERWICK AREA HS,Math,155,Advanced,22.6,36
2018,Columbia,BERWICK AREA SD,BERWICK AREA HS,Science,155,Advanced,31.6,49
2018,Columbia,BERWICK AREA SD,BERWICK AREA HS,English,154,Advanced,9.1,15
2018,Columbia,BLOOMSBURG AREA SD,BLOOMSBURG AREA HS,Math,75,Advanced,25.3,19
2018,Columbia,BLOOMSBURG AREA SD,BLOOMSBURG AREA HS,Science,76,Advanced,17.1,13
2018,Columbia,BLOOMSBURG AREA SD,BLOOMSBURG AREA HS,English,77,Advanced,2.6,3
2018,Columbia,CENTRAL COLUMBIA SD,CENTRAL COLUMBIA SHS,Math,128,Advanced,41.4,53
2018,Columbia,CENTRAL COLUMBIA SD,CENTRAL COLUMBIA SHS,Science,128,Advanced,42.2,55
2018,Columbia,CENTRAL COLUMBIA SD,CENTRAL COLUMBIA SHS,English,129,Advanced,15.5,20
2018,Columbia,COLUMBIA-MONTOUR AVTS,COLUMBIA-MONTOUR AVTS,Math,137,Advanced,8,11
2018,Columbia,COLUMBIA-MONTOUR AVTS,COLUMBIA-MONTOUR AVTS,Science,138,Advanced,14.5,21
2018,Columbia,COLUMBIA-MONTOUR AVTS,COLUMBIA-MONTOUR AVTS,English,138,Advanced,1.4,2
2018,Columbia,MILLVILLE AREA SD,MILLVILLE AREA JSHS,Math,42,Advanced,31,14
2018,Columbia,MILLVILLE AREA SD,MILLVILLE AREA JSHS,Science,42,Advanced,33.3,14
2018,Columbia,MILLVILLE AREA SD,MILLVILLE AREA JSHS,English,41,Advanced,0,0
2018,Columbia,SOUTHERN COLUMBIA AREA SD,SOUTHERN COLUMBIA HS,Math,106,Advanced,22.6,24
2018,Columbia,SOUTHERN COLUMBIA AREA SD,SOUTHERN COLUMBIA HS,Science,107,Advanced,13.1,15
2018,Columbia,SOUTHERN COLUMBIA AREA SD,SOUTHERN COLUMBIA HS,English,107,Advanced,15.9,18
2018,Columbia,SUSQ-CYBER CS,SUSQ-CYBER CS,Science,11,Advanced,0,0
2018,Montour,DANVILLE AREA SD,DANVILLE AREA SHS,Math,147,Advanced,60.5,89
2018,Montour,DANVILLE AREA SD,DANVILLE AREA SHS,Science,155,Advanced,58.7,91
2018,Montour,DANVILLE AREA SD,DANVILLE AREA SHS,English,156,Advanced,27.6,44
2018,State,,,Math,122260,Proficient,41.7,50983
2018,State,,,Science,121144,Proficient,37.4,45308
2018,State,,,English,121508,Proficient,62.7,76186
2018,Columbia,BENTON AREA SD,BENTON MIDDLE-SR HIGH SCHOOL,Math,36,Proficient,61.1,22
2018,Columbia,BENTON AREA SD,BENTON MIDDLE-SR HIGH SCHOOL,Science,35,Proficient,48.6,18
2018,Columbia,BENTON AREA SD,BENTON MIDDLE-SR HIGH SCHOOL,English,35,Proficient,74.3,27
2018,Columbia,BERWICK AREA SD,BERWICK AREA HS,Math,155,Proficient,54.2,85
2018,Columbia,BERWICK AREA SD,BERWICK AREA HS,Science,155,Proficient,39.4,62
2018,Columbia,BERWICK AREA SD,BERWICK AREA HS,English,154,Proficient,68.8,106
2018,Columbia,BLOOMSBURG AREA SD,BLOOMSBURG AREA HS,Math,75,Proficient,45.3,34
2018,Columbia,BLOOMSBURG AREA SD,BLOOMSBURG AREA HS,Science,76,Proficient,42.1,32
2018,Columbia,BLOOMSBURG AREA SD,BLOOMSBURG AREA HS,English,77,Proficient,77.9,60
2018,Columbia,CENTRAL COLUMBIA SD,CENTRAL COLUMBIA SHS,Math,128,Proficient,46.1,60
2018,Columbia,CENTRAL COLUMBIA SD,CENTRAL COLUMBIA SHS,Science,128,Proficient,45.3,58
2018,Columbia,CENTRAL COLUMBIA SD,CENTRAL COLUMBIA SHS,English,129,Proficient,74.4,96
2018,Columbia,COLUMBIA-MONTOUR AVTS,COLUMBIA-MONTOUR AVTS,Math,137,Proficient,46,64
2018,Columbia,COLUMBIA-MONTOUR AVTS,COLUMBIA-MONTOUR AVTS,Science,138,Proficient,34.1,48
2018,Columbia,COLUMBIA-MONTOUR AVTS,COLUMBIA-MONTOUR AVTS,English,138,Proficient,42,58
2018,Columbia,MILLVILLE AREA SD,MILLVILLE AREA JSHS,Math,42,Proficient,35.7,15
2018,Columbia,MILLVILLE AREA SD,MILLVILLE AREA JSHS,Science,42,Proficient,31,14
2018,Columbia,MILLVILLE AREA SD,MILLVILLE AREA JSHS,English,41,Proficient,68.3,29
2018,Columbia,SOUTHERN COLUMBIA AREA SD,SOUTHERN COLUMBIA HS,Math,106,Proficient,63.2,67
2018,Columbia,SOUTHERN COLUMBIA AREA SD,SOUTHERN COLUMBIA HS,Science,107,Proficient,68.2,73
2018,Columbia,SOUTHERN COLUMBIA AREA SD,SOUTHERN COLUMBIA HS,English,107,Proficient,72,78
2018,Columbia,SUSQ-CYBER CS,SUSQ-CYBER CS,Science,11,Proficient,18.2,3
2018,Montour,DANVILLE AREA SD,DANVILLE AREA SHS,Math,147,Proficient,24.5,37
2018,Montour,DANVILLE AREA SD,DANVILLE AREA SHS,Science,155,Proficient,29.7,47
2018,Montour,DANVILLE AREA SD,DANVILLE AREA SHS,English,156,Proficient,64.1,100
2018,State,,,Math,122260,Basic,25.1,30688
2018,State,,,Science,121144,Basic,21.3,25804
2018,State,,,English,121508,Basic,18.9,22966
2018,Columbia,BENTON AREA SD,BENTON MIDDLE-SR HIGH SCHOOL,Math,36,Basic,16.7,7
2018,Columbia,BENTON AREA SD,BENTON MIDDLE-SR HIGH SCHOOL,Science,35,Basic,5.7,2
2018,Columbia,BENTON AREA SD,BENTON MIDDLE-SR HIGH SCHOOL,English,35,Basic,11.4,4
2018,Columbia,BERWICK AREA SD,BERWICK AREA HS,Math,155,Basic,18.1,29
2018,Columbia,BERWICK AREA SD,BERWICK AREA HS,Science,155,Basic,14.8,23
2018,Columbia,BERWICK AREA SD,BERWICK AREA HS,English,154,Basic,15.6,25
2018,Columbia,BLOOMSBURG AREA SD,BLOOMSBURG AREA HS,Math,75,Basic,25.3,19
2018,Columbia,BLOOMSBURG AREA SD,BLOOMSBURG AREA HS,Science,76,Basic,35.5,27
2018,Columbia,BLOOMSBURG AREA SD,BLOOMSBURG AREA HS,English,77,Basic,14.3,12
2018,Columbia,CENTRAL COLUMBIA SD,CENTRAL COLUMBIA SHS,Math,128,Basic,12.5,16
2018,Columbia,CENTRAL COLUMBIA SD,CENTRAL COLUMBIA SHS,Science,128,Basic,8.6,12
2018,Columbia,CENTRAL COLUMBIA SD,CENTRAL COLUMBIA SHS,English,129,Basic,7.8,11
2018,Columbia,COLUMBIA-MONTOUR AVTS,COLUMBIA-MONTOUR AVTS,Math,137,Basic,35.8,50
2018,Columbia,COLUMBIA-MONTOUR AVTS,COLUMBIA-MONTOUR AVTS,Science,138,Basic,37,52
2018,Columbia,COLUMBIA-MONTOUR AVTS,COLUMBIA-MONTOUR AVTS,English,138,Basic,42,58
2018,Columbia,MILLVILLE AREA SD,MILLVILLE AREA JSHS,Math,42,Basic,23.8,10
2018,Columbia,MILLVILLE AREA SD,MILLVILLE AREA JSHS,Science,42,Basic,23.8,10
2018,Columbia,MILLVILLE AREA SD,MILLVILLE AREA JSHS,English,41,Basic,24.4,11
2018,Columbia,SOUTHERN COLUMBIA AREA SD,SOUTHERN COLUMBIA HS,Math,106,Basic,13.2,14
2018,Columbia,SOUTHERN COLUMBIA AREA SD,SOUTHERN COLUMBIA HS,Science,107,Basic,15.9,18
2018,Columbia,SOUTHERN COLUMBIA AREA SD,SOUTHERN COLUMBIA HS,English,107,Basic,9.3,10
2018,Columbia,SUSQ-CYBER CS,SUSQ-CYBER CS,Science,11,Basic,36.4,5
2018,Montour,DANVILLE AREA SD,DANVILLE AREA SHS,Math,147,Basic,12.2,18
2018,Montour,DANVILLE AREA SD,DANVILLE AREA SHS,Science,155,Basic,7.7,12
2018,Montour,DANVILLE AREA SD,DANVILLE AREA SHS,English,156,Basic,5.8,10
2018,State,,,Math,122260,BelowBasic,9.7,11860
2018,State,,,Science,121144,BelowBasic,14.3,17324
2018,State,,,English,121508,BelowBasic,8.4,10207
2018,Columbia,BENTON AREA SD,BENTON MIDDLE-SR HIGH SCHOOL,Math,36,BelowBasic,8.3,3
2018,Columbia,BENTON AREA SD,BENTON MIDDLE-SR HIGH SCHOOL,Science,35,BelowBasic,8.6,4
2018,Columbia,BENTON AREA SD,BENTON MIDDLE-SR HIGH SCHOOL,English,35,BelowBasic,5.7,2
2018,Columbia,BERWICK AREA SD,BERWICK AREA HS,Math,155,BelowBasic,5.2,9
2018,Columbia,BERWICK AREA SD,BERWICK AREA HS,Science,155,BelowBasic,14.2,23
2018,Columbia,BERWICK AREA SD,BERWICK AREA HS,English,154,BelowBasic,6.5,11
2018,Columbia,BLOOMSBURG AREA SD,BLOOMSBURG AREA HS,Math,75,BelowBasic,4,3
2018,Columbia,BLOOMSBURG AREA SD,BLOOMSBURG AREA HS,Science,76,BelowBasic,5.3,5
2018,Columbia,BLOOMSBURG AREA SD,BLOOMSBURG AREA HS,English,77,BelowBasic,5.2,5
2018,Columbia,CENTRAL COLUMBIA SD,CENTRAL COLUMBIA SHS,Math,128,BelowBasic,0,0
2018,Columbia,CENTRAL COLUMBIA SD,CENTRAL COLUMBIA SHS,Science,128,BelowBasic,3.9,5
2018,Columbia,CENTRAL COLUMBIA SD,CENTRAL COLUMBIA SHS,English,129,BelowBasic,2.3,3
2018,Columbia,COLUMBIA-MONTOUR AVTS,COLUMBIA-MONTOUR AVTS,Math,137,BelowBasic,10.2,14
2018,Columbia,COLUMBIA-MONTOUR AVTS,COLUMBIA-MONTOUR AVTS,Science,138,BelowBasic,14.5,21
2018,Columbia,COLUMBIA-MONTOUR AVTS,COLUMBIA-MONTOUR AVTS,English,138,BelowBasic,14.5,21
2018,Columbia,MILLVILLE AREA SD,MILLVILLE AREA JSHS,Math,42,BelowBasic,9.5,4
2018,Columbia,MILLVILLE AREA SD,MILLVILLE AREA JSHS,Science,42,BelowBasic,11.9,5
2018,Columbia,MILLVILLE AREA SD,MILLVILLE AREA JSHS,English,41,BelowBasic,7.3,3
2018,Columbia,SOUTHERN COLUMBIA AREA SD,SOUTHERN COLUMBIA HS,Math,106,BelowBasic,0.9,1
2018,Columbia,SOUTHERN COLUMBIA AREA SD,SOUTHERN COLUMBIA HS,Science,107,BelowBasic,2.8,3
2018,Columbia,SOUTHERN COLUMBIA AREA SD,SOUTHERN COLUMBIA HS,English,107,BelowBasic,2.8,3
2018,Columbia,SUSQ-CYBER CS,SUSQ-CYBER CS,Science,11,BelowBasic,45.5,6
2018,Montour,DANVILLE AREA SD,DANVILLE AREA SHS,Math,147,BelowBasic,2.7,4
2018,Montour,DANVILLE AREA SD,DANVILLE AREA SHS,Science,155,BelowBasic,3.9,7
2018,Montour,DANVILLE AREA SD,DANVILLE AREA SHS,English,156,BelowBasic,2.6,5
2019,State,,,Math,119742,Top,63.300000000000004,75797
2019,State,,,Science,118506,Top,63.199999999999996,74896
2019,State,,,English,118885,Top,71.5,85003
2019,Columbia,BENTON AREA SD,BENTON AREA HS,Math,54,Top,81.5,45
2019,Columbia,BENTON AREA SD,BENTON AREA HS,Science,54,Top,90.7,49
2019,Columbia,BENTON AREA SD,BENTON AREA HS,English,54,Top,85.2,47
2019,Columbia,BERWICK AREA SD,BERWICK AREA HS,Math,153,Top,66.6,102
2019,Columbia,BERWICK AREA SD,BERWICK AREA HS,Science,152,Top,65.8,101
2019,Columbia,BERWICK AREA SD,BERWICK AREA HS,English,152,Top,69.1,106
2019,Columbia,BLOOMSBURG AREA SD,BLOOMSBURG AREA HS,Math,77,Top,83.19999999999999,65
2019,Columbia,BLOOMSBURG AREA SD,BLOOMSBURG AREA HS,Science,84,Top,78.6,67
2019,Columbia,BLOOMSBURG AREA SD,BLOOMSBURG AREA HS,English,84,Top,78.60000000000001,67
2019,Columbia,CENTRAL COLUMBIA SD,CENTRAL COLUMBIA SHS,Math,120,Top,86.7,105
2019,Columbia,CENTRAL COLUMBIA SD,CENTRAL COLUMBIA SHS,Science,123,Top,88.6,109
2019,Columbia,CENTRAL COLUMBIA SD,CENTRAL COLUMBIA SHS,English,123,Top,88.6,109
2019,Columbia,COLUMBIA-MONTOUR AVTS,COLUMBIA-MONTOUR AVTS,Math,147,Top,53.7,79
2019,Columbia,COLUMBIA-MONTOUR AVTS,COLUMBIA-MONTOUR AVTS,Science,148,Top,46,69
2019,Columbia,COLUMBIA-MONTOUR AVTS,COLUMBIA-MONTOUR AVTS,English,147,Top,49,73
2019,Columbia,MILLVILLE AREA SD,MILLVILLE AREA JSHS,Math,46,Top,54.3,25
2019,Columbia,MILLVILLE AREA SD,MILLVILLE AREA JSHS,Science,46,Top,54.3,25
2019,Columbia,MILLVILLE AREA SD,MILLVILLE AREA JSHS,English,46,Top,69.60000000000001,33
2019,Columbia,SOUTHERN COLUMBIA AREA SD,SOUTHERN COLUMBIA HS,Math,103,Top,91.3,95
2019,Columbia,SOUTHERN COLUMBIA AREA SD,SOUTHERN COLUMBIA HS,Science,103,Top,89.3,92
2019,Columbia,SOUTHERN COLUMBIA AREA SD,SOUTHERN COLUMBIA HS,English,103,Top,89.30000000000001,92
2019,Columbia,SUSQ-CYBER CS,SUSQ-CYBER CS,Science,11,Top,18.2,3
2019,Montour,DANVILLE AREA SD,DANVILLE AREA SHS,Math,152,Top,77.6,118
2019,Montour,DANVILLE AREA SD,DANVILLE AREA SHS,Science,157,Top,81.5,128
2019,Montour,DANVILLE AREA SD,DANVILLE AREA SHS,English,157,Top,85.9,135
2019,State,,,Math,119742,Advanced,24.6,29457
2019,State,,,Science,118506,Advanced,26.4,31286
2019,State,,,English,118885,Advanced,13.1,15574
2019,Columbia,BENTON AREA SD,BENTON AREA HS,Math,54,Advanced,25.9,14
2019,Columbia,BENTON AREA SD,BENTON AREA HS,Science,54,Advanced,40.7,22
2019,Columbia,BENTON AREA SD,BENTON AREA HS,English,54,Advanced,9.3,6
2019,Columbia,BERWICK AREA SD,BERWICK AREA HS,Math,153,Advanced,17.6,27
2019,Columbia,BERWICK AREA SD,BERWICK AREA HS,Science,152,Advanced,22.4,35
2019,Columbia,BERWICK AREA SD,BERWICK AREA HS,English,152,Advanced,3.3,6
2019,Columbia,BLOOMSBURG AREA SD,BLOOMSBURG AREA HS,Math,77,Advanced,36.4,29
2019,Columbia,BLOOMSBURG AREA SD,BLOOMSBURG AREA HS,Science,84,Advanced,22.6,19
2019,Columbia,BLOOMSBURG AREA SD,BLOOMSBURG AREA HS,English,84,Advanced,10.7,9
2019,Columbia,CENTRAL COLUMBIA SD,CENTRAL COLUMBIA SHS,Math,120,Advanced,36.7,45
2019,Columbia,CENTRAL COLUMBIA SD,CENTRAL COLUMBIA SHS,Science,123,Advanced,37.4,47
2019,Columbia,CENTRAL COLUMBIA SD,CENTRAL COLUMBIA SHS,English,123,Advanced,23.6,30
2019,Columbia,COLUMBIA-MONTOUR AVTS,COLUMBIA-MONTOUR AVTS,Math,147,Advanced,15.6,23
2019,Columbia,COLUMBIA-MONTOUR AVTS,COLUMBIA-MONTOUR AVTS,Science,148,Advanced,14.2,22
2019,Columbia,COLUMBIA-MONTOUR AVTS,COLUMBIA-MONTOUR AVTS,English,147,Advanced,0.7,2
2019,Columbia,MILLVILLE AREA SD,MILLVILLE AREA JSHS,Math,46,Advanced,21.7,10
2019,Columbia,MILLVILLE AREA SD,MILLVILLE AREA JSHS,Science,46,Advanced,21.7,10
2019,Columbia,MILLVILLE AREA SD,MILLVILLE AREA JSHS,English,46,Advanced,10.9,6
2019,Columbia,SOUTHERN COLUMBIA AREA SD,SOUTHERN COLUMBIA HS,Math,103,Advanced,14.6,16
2019,Columbia,SOUTHERN COLUMBIA AREA SD,SOUTHERN COLUMBIA HS,Science,103,Advanced,24.3,26
2019,Columbia,SOUTHERN COLUMBIA AREA SD,SOUTHERN COLUMBIA HS,English,103,Advanced,18.4,19
2019,Columbia,SUSQ-CYBER CS,SUSQ-CYBER CS,Science,11,Advanced,9.1,2
2019,Montour,DANVILLE AREA SD,DANVILLE AREA SHS,Math,152,Advanced,45.4,70
2019,Montour,DANVILLE AREA SD,DANVILLE AREA SHS,Science,157,Advanced,43.3,68
2019,Montour,DANVILLE AREA SD,DANVILLE AREA SHS,English,157,Advanced,19.7,31
2019,State,,,Math,119742,Proficient,38.7,46341
2019,State,,,Science,118506,Proficient,36.8,43611
2019,State,,,English,118885,Proficient,58.4,69429
2019,Columbia,BENTON AREA SD,BENTON AREA HS,Math,54,Proficient,55.6,31
2019,Columbia,BENTON AREA SD,BENTON AREA HS,Science,54,Proficient,50,27
2019,Columbia,BENTON AREA SD,BENTON AREA HS,English,54,Proficient,75.9,41
2019,Columbia,BERWICK AREA SD,BERWICK AREA HS,Math,153,Proficient,49,75
2019,Columbia,BERWICK AREA SD,BERWICK AREA HS,Science,152,Proficient,43.4,66
2019,Columbia,BERWICK AREA SD,BERWICK AREA HS,English,152,Proficient,65.8,101
2019,Columbia,BLOOMSBURG AREA SD,BLOOMSBURG AREA HS,Math,77,Proficient,46.8,37
2019,Columbia,BLOOMSBURG AREA SD,BLOOMSBURG AREA HS,Science,84,Proficient,56,48
2019,Columbia,BLOOMSBURG AREA SD,BLOOMSBURG AREA HS,English,84,Proficient,67.9,58
2019,Columbia,CENTRAL COLUMBIA SD,CENTRAL COLUMBIA SHS,Math,120,Proficient,50,60
2019,Columbia,CENTRAL COLUMBIA SD,CENTRAL COLUMBIA SHS,Science,123,Proficient,51.2,63
2019,Columbia,CENTRAL COLUMBIA SD,CENTRAL COLUMBIA SHS,English,123,Proficient,65,80
2019,Columbia,COLUMBIA-MONTOUR AVTS,COLUMBIA-MONTOUR AVTS,Math,147,Proficient,38.1,57
2019,Columbia,COLUMBIA-MONTOUR AVTS,COLUMBIA-MONTOUR AVTS,Science,148,Proficient,31.8,48
2019,Columbia,COLUMBIA-MONTOUR AVTS,COLUMBIA-MONTOUR AVTS,English,147,Proficient,48.3,72
2019,Columbia,MILLVILLE AREA SD,MILLVILLE AREA JSHS,Math,46,Proficient,32.6,15
2019,Columbia,MILLVILLE AREA SD,MILLVILLE AREA JSHS,Science,46,Proficient,32.6,15
2019,Columbia,MILLVILLE AREA SD,MILLVILLE AREA JSHS,English,46,Proficient,58.7,28
2019,Columbia,SOUTHERN COLUMBIA AREA SD,SOUTHERN COLUMBIA HS,Math,103,Proficient,76.7,80
2019,Columbia,SOUTHERN COLUMBIA AREA SD,SOUTHERN COLUMBIA HS,Science,103,Proficient,65,67
2019,Columbia,SOUTHERN COLUMBIA AREA SD,SOUTHERN COLUMBIA HS,English,103,Proficient,70.9,74
2019,Columbia,SUSQ-CYBER CS,SUSQ-CYBER CS,Science,11,Proficient,9.1,2
2019,Montour,DANVILLE AREA SD,DANVILLE AREA SHS,Math,152,Proficient,32.2,49
2019,Montour,DANVILLE AREA SD,DANVILLE AREA SHS,Science,157,Proficient,38.2,60
2019,Montour,DANVILLE AREA SD,DANVILLE AREA SHS,English,157,Proficient,66.2,104
2019,State,,,Math,119742,Basic,26.2,31373
2019,State,,,Science,118506,Basic,20.5,24294
2019,State,,,English,118885,Basic,18.9,22470
2019,Columbia,BENTON AREA SD,BENTON AREA HS,Math,54,Basic,14.8,8
2019,Columbia,BENTON AREA SD,BENTON AREA HS,Science,54,Basic,3.7,2
2019,Columbia,BENTON AREA SD,BENTON AREA HS,English,54,Basic,9.3,6
2019,Columbia,BERWICK AREA SD,BERWICK AREA HS,Math,153,Basic,25.5,40
2019,Columbia,BERWICK AREA SD,BERWICK AREA HS,Science,152,Basic,21.1,33
2019,Columbia,BERWICK AREA SD,BERWICK AREA HS,English,152,Basic,27,42
2019,Columbia,BLOOMSBURG AREA SD,BLOOMSBURG AREA HS,Math,77,Basic,15.6,13
2019,Columbia,BLOOMSBURG AREA SD,BLOOMSBURG AREA HS,Science,84,Basic,19,16
2019,Columbia,BLOOMSBURG AREA SD,BLOOMSBURG AREA HS,English,84,Basic,17.9,16
2019,Columbia,CENTRAL COLUMBIA SD,CENTRAL COLUMBIA SHS,Math,120,Basic,10.8,13
2019,Columbia,CENTRAL COLUMBIA SD,CENTRAL COLUMBIA SHS,Science,123,Basic,7.3,9
2019,Columbia,CENTRAL COLUMBIA SD,CENTRAL COLUMBIA SHS,English,123,Basic,8.9,11
2019,Columbia,COLUMBIA-MONTOUR AVTS,COLUMBIA-MONTOUR AVTS,Math,147,Basic,33.3,49
2019,Columbia,COLUMBIA-MONTOUR AVTS,COLUMBIA-MONTOUR AVTS,Science,148,Basic,29.7,44
2019,Columbia,COLUMBIA-MONTOUR AVTS,COLUMBIA-MONTOUR AVTS,English,147,Basic,41.5,62
2019,Columbia,MILLVILLE AREA SD,MILLVILLE AREA JSHS,Math,46,Basic,23.9,11
2019,Columbia,MILLVILLE AREA SD,MILLVILLE AREA JSHS,Science,46,Basic,21.7,10
2019,Columbia,MILLVILLE AREA SD,MILLVILLE AREA JSHS,English,46,Basic,10.9,6
2019,Columbia,SOUTHERN COLUMBIA AREA SD,SOUTHERN COLUMBIA HS,Math,103,Basic,6.8,8
2019,Columbia,SOUTHERN COLUMBIA AREA SD,SOUTHERN COLUMBIA HS,Science,103,Basic,6.8,8
2019,Columbia,SOUTHERN COLUMBIA AREA SD,SOUTHERN COLUMBIA HS,English,103,Basic,8.7,9
2019,Columbia,SUSQ-CYBER CS,SUSQ-CYBER CS,Science,11,Basic,54.5,6
2019,Montour,DANVILLE AREA SD,DANVILLE AREA SHS,Math,152,Basic,16.4,25
2019,Montour,DANVILLE AREA SD,DANVILLE AREA SHS,Science,157,Basic,8.3,14
2019,Montour,DANVILLE AREA SD,DANVILLE AREA SHS,English,157,Basic,7.6,12
2019,State,,,Math,119742,BelowBasic,10.5,12573
2019,State,,,Science,118506,BelowBasic,16.3,19317
2019,State,,,English,118885,BelowBasic,9.6,11413
2019,Columbia,BENTON AREA SD,BENTON AREA HS,Math,54,BelowBasic,3.7,2
2019,Columbia,BENTON AREA SD,BENTON AREA HS,Science,54,BelowBasic,5.6,4
2019,Columbia,BENTON AREA SD,BENTON AREA HS,English,54,BelowBasic,5.6,4
2019,Columbia,BERWICK AREA SD,BERWICK AREA HS,Math,153,BelowBasic,7.8,12
2019,Columbia,BERWICK AREA SD,BERWICK AREA HS,Science,152,BelowBasic,13.2,21
2019,Columbia,BERWICK AREA SD,BERWICK AREA HS,English,152,BelowBasic,3.9,6
2019,Columbia,BLOOMSBURG AREA SD,BLOOMSBURG AREA HS,Math,77,BelowBasic,1.3,2
2019,Columbia,BLOOMSBURG AREA SD,BLOOMSBURG AREA HS,Science,84,BelowBasic,2.4,3
2019,Columbia,BLOOMSBURG AREA SD,BLOOMSBURG AREA HS,English,84,BelowBasic,3.6,4
2019,Columbia,CENTRAL COLUMBIA SD,CENTRAL COLUMBIA SHS,Math,120,BelowBasic,2.5,3
2019,Columbia,CENTRAL COLUMBIA SD,CENTRAL COLUMBIA SHS,Science,123,BelowBasic,4.1,6
2019,Columbia,CENTRAL COLUMBIA SD,CENTRAL COLUMBIA SHS,English,123,BelowBasic,2.4,3
2019,Columbia,COLUMBIA-MONTOUR AVTS,COLUMBIA-MONTOUR AVTS,Math,147,BelowBasic,12.9,19
2019,Columbia,COLUMBIA-MONTOUR AVTS,COLUMBIA-MONTOUR AVTS,Science,148,BelowBasic,24.3,36
2019,Columbia,COLUMBIA-MONTOUR AVTS,COLUMBIA-MONTOUR AVTS,English,147,BelowBasic,9.5,14
2019,Columbia,MILLVILLE AREA SD,MILLVILLE AREA JSHS,Math,46,BelowBasic,21.7,10
2019,Columbia,MILLVILLE AREA SD,MILLVILLE AREA JSHS,Science,46,BelowBasic,23.9,11
2019,Columbia,MILLVILLE AREA SD,MILLVILLE AREA JSHS,English,46,BelowBasic,19.6,10
2019,Columbia,SOUTHERN COLUMBIA AREA SD,SOUTHERN COLUMBIA HS,Math,103,BelowBasic,1.9,2
2019,Columbia,SOUTHERN COLUMBIA AREA SD,SOUTHERN COLUMBIA HS,Science,103,BelowBasic,3.9,5
2019,Columbia,SOUTHERN COLUMBIA AREA SD,SOUTHERN COLUMBIA HS,English,103,BelowBasic,1.9,2
2019,Columbia,SUSQ-CYBER CS,SUSQ-CYBER CS,Science,11,BelowBasic,27.3,4
2019,Montour,DANVILLE AREA SD,DANVILLE AREA SHS,Math,152,BelowBasic,5.9,9
2019,Montour,DANVILLE AREA SD,DANVILLE AREA SHS,Science,157,BelowBasic,10.2,17
2019,Montour,DANVILLE AREA SD,DANVILLE AREA SHS,English,157,BelowBasic,6.4,11
2021,State,,,Math,101846,Top,62.4,63552
2021,State,,,Science,56721,Top,67.6,38344
2021,State,,,English,11090,Top,49.6,5501
2021,Columbia,BENTON AREA SD,BENTON AREA HS,Math,43,Top,53.5,24
2021,Columbia,BENTON AREA SD,BENTON AREA HS,Science,13,Top,100,13
2021,Columbia,BERWICK AREA SD,BERWICK AREA HS,Math,133,Top,59.400000000000006,80
2021,Columbia,BERWICK AREA SD,BERWICK AREA HS,Science,37,Top,75.7,29
2021,Columbia,BERWICK AREA SD,BERWICK AREA HS,English,24,Top,70.8,17
2021,Columbia,BLOOMSBURG AREA SD,BLOOMSBURG AREA HS,Math,86,Top,53.5,47
2021,Columbia,BLOOMSBURG AREA SD,BLOOMSBURG AREA HS,Science,48,Top,77.1,38
2021,Columbia,CENTRAL COLUMBIA SD,CENTRAL COLUMBIA SHS,Math,132,Top,83.30000000000001,110
2021,Columbia,CENTRAL COLUMBIA SD,CENTRAL COLUMBIA SHS,Science,61,Top,88.5,54
2021,Columbia,COLUMBIA-MONTOUR AVTS,COLUMBIA-MONTOUR AVTS,Math,42,Top,61.900000000000006,26
2021,Columbia,MILLVILLE AREA SD,MILLVILLE AREA JSHS,Math,37,Top,48.599999999999994,18
2021,Columbia,SOUTHERN COLUMBIA AREA SD,SOUTHERN COLUMBIA HS,Math,100,Top,82,82
2021,Columbia,SOUTHERN COLUMBIA AREA SD,SOUTHERN COLUMBIA HS,English,99,Top,58.5,58
2021,Columbia,SUSQ-CYBER CS,SUSQ-CYBER CS,Math,16,Top,56.3,10
2021,Montour,DANVILLE AREA SD,DANVILLE AREA SHS,Math,128,Top,89.1,115
2021,Montour,DANVILLE AREA SD,DANVILLE AREA SHS,Science,59,Top,98.3,58
2021,State,,,Math,101846,Advanced,28,28517
2021,State,,,Science,56721,Advanced,34.4,19513
2021,State,,,English,11090,Advanced,8.1,899
2021,Columbia,BENTON AREA SD,BENTON AREA HS,Math,43,Advanced,23.3,11
2021,Columbia,BENTON AREA SD,BENTON AREA HS,Science,13,Advanced,46.2,7
2021,Columbia,BERWICK AREA SD,BERWICK AREA HS,Math,133,Advanced,11.3,16
2021,Columbia,BERWICK AREA SD,BERWICK AREA HS,Science,37,Advanced,51.4,20
2021,Columbia,BERWICK AREA SD,BERWICK AREA HS,English,24,Advanced,37.5,9
2021,Columbia,BLOOMSBURG AREA SD,BLOOMSBURG AREA HS,Math,86,Advanced,30.2,26
2021,Columbia,BLOOMSBURG AREA SD,BLOOMSBURG AREA HS,Science,48,Advanced,35.4,17
2021,Columbia,CENTRAL COLUMBIA SD,CENTRAL COLUMBIA SHS,Math,132,Advanced,49.2,65
2021,Columbia,CENTRAL COLUMBIA SD,CENTRAL COLUMBIA SHS,Science,61,Advanced,62.3,39
2021,Columbia,COLUMBIA-MONTOUR AVTS,COLUMBIA-MONTOUR AVTS,Math,42,Advanced,26.2,12
2021,Columbia,MILLVILLE AREA SD,MILLVILLE AREA JSHS,Math,37,Advanced,18.9,7
2021,Columbia,SOUTHERN COLUMBIA AREA SD,SOUTHERN COLUMBIA HS,Math,100,Advanced,34,34
2021,Columbia,SOUTHERN COLUMBIA AREA SD,SOUTHERN COLUMBIA HS,English,99,Advanced,4,4
2021,Columbia,SUSQ-CYBER CS,SUSQ-CYBER CS,Math,16,Advanced,12.5,2
2021,Montour,DANVILLE AREA SD,DANVILLE AREA SHS,Math,128,Advanced,46.1,60
2021,Montour,DANVILLE AREA SD,DANVILLE AREA SHS,Science,59,Advanced,78,47
2021,State,,,Math,101846,Proficient,34.4,35036
2021,State,,,Science,56721,Proficient,33.2,18832
2021,State,,,English,11090,Proficient,41.5,4603
2021,Columbia,BENTON AREA SD,BENTON AREA HS,Math,43,Proficient,30.2,13
2021,Columbia,BENTON AREA SD,BENTON AREA HS,Science,13,Proficient,53.8,7
2021,Columbia,BERWICK AREA SD,BERWICK AREA HS,Math,133,Proficient,48.1,64
2021,Columbia,BERWICK AREA SD,BERWICK AREA HS,Science,37,Proficient,24.3,9
2021,Columbia,BERWICK AREA SD,BERWICK AREA HS,English,24,Proficient,33.3,8
2021,Columbia,BLOOMSBURG AREA SD,BLOOMSBURG AREA HS,Math,86,Proficient,23.3,21
2021,Columbia,BLOOMSBURG AREA SD,BLOOMSBURG AREA HS,Science,48,Proficient,41.7,21
2021,Columbia,CENTRAL COLUMBIA SD,CENTRAL COLUMBIA SHS,Math,132,Proficient,34.1,46
2021,Columbia,CENTRAL COLUMBIA SD,CENTRAL COLUMBIA SHS,Science,61,Proficient,26.2,16
2021,Columbia,COLUMBIA-MONTOUR AVTS,COLUMBIA-MONTOUR AVTS,Math,42,Proficient,35.7,15
2021,Columbia,MILLVILLE AREA SD,MILLVILLE AREA JSHS,Math,37,Proficient,29.7,11
2021,Columbia,SOUTHERN COLUMBIA AREA SD,SOUTHERN COLUMBIA HS,Math,100,Proficient,48,48
2021,Columbia,SOUTHERN COLUMBIA AREA SD,SOUTHERN COLUMBIA HS,English,99,Proficient,54.5,54
2021,Columbia,SUSQ-CYBER CS,SUSQ-CYBER CS,Math,16,Proficient,43.8,8
2021,Montour,DANVILLE AREA SD,DANVILLE AREA SHS,Math,128,Proficient,43,56
2021,Montour,DANVILLE AREA SD,DANVILLE AREA SHS,Science,59,Proficient,20.3,12
2021,State,,,Math,101846,Basic,25.6,26073
2021,State,,,Science,56721,Basic,19.1,10834
2021,State,,,English,11090,Basic,25.9,2873
2021,Columbia,BENTON AREA SD,BENTON AREA HS,Math,43,Basic,27.9,12
2021,Columbia,BENTON AREA SD,BENTON AREA HS,Science,13,Basic,0,0
2021,Columbia,BERWICK AREA SD,BERWICK AREA HS,Math,133,Basic,27.1,37
2021,Columbia,BERWICK AREA SD,BERWICK AREA HS,Science,37,Basic,13.5,5
2021,Columbia,BERWICK AREA SD,BERWICK AREA HS,English,24,Basic,8.3,2
2021,Columbia,BLOOMSBURG AREA SD,BLOOMSBURG AREA HS,Math,86,Basic,39.5,34
2021,Columbia,BLOOMSBURG AREA SD,BLOOMSBURG AREA HS,Science,48,Basic,16.7,9
2021,Columbia,CENTRAL COLUMBIA SD,CENTRAL COLUMBIA SHS,Math,132,Basic,14.4,20
2021,Columbia,CENTRAL COLUMBIA SD,CENTRAL COLUMBIA SHS,Science,61,Basic,9.8,6
2021,Columbia,COLUMBIA-MONTOUR AVTS,COLUMBIA-MONTOUR AVTS,Math,42,Basic,35.7,15
2021,Columbia,MILLVILLE AREA SD,MILLVILLE AREA JSHS,Math,37,Basic,37.8,14
2021,Columbia,SOUTHERN COLUMBIA AREA SD,SOUTHERN COLUMBIA HS,Math,100,Basic,13,13
2021,Columbia,SOUTHERN COLUMBIA AREA SD,SOUTHERN COLUMBIA HS,English,99,Basic,27.3,28
2021,Columbia,SUSQ-CYBER CS,SUSQ-CYBER CS,Math,16,Basic,31.3,6
2021,Montour,DANVILLE AREA SD,DANVILLE AREA SHS,Math,128,Basic,10.2,14
2021,Montour,DANVILLE AREA SD,DANVILLE AREA SHS,Science,59,Basic,1.7,2
2021,State,,,Math,101846,BelowBasic,12,12222
2021,State,,,Science,56721,BelowBasic,13.3,7544
2021,State,,,English,11090,BelowBasic,24.6,2729
2021,Columbia,BENTON AREA SD,BENTON AREA HS,Math,43,BelowBasic,18.6,8
2021,Columbia,BENTON AREA SD,BENTON AREA HS,Science,13,BelowBasic,0,0
2021,Columbia,BERWICK AREA SD,BERWICK AREA HS,Math,133,BelowBasic,13.5,18
2021,Columbia,BERWICK AREA SD,BERWICK AREA HS,Science,37,BelowBasic,10.8,4
2021,Columbia,BERWICK AREA SD,BERWICK AREA HS,English,24,BelowBasic,20.8,5
2021,Columbia,BLOOMSBURG AREA SD,BLOOMSBURG AREA HS,Math,86,BelowBasic,7,7
2021,Columbia,BLOOMSBURG AREA SD,BLOOMSBURG AREA HS,Science,48,BelowBasic,6.3,4
2021,Columbia,CENTRAL COLUMBIA SD,CENTRAL COLUMBIA SHS,Math,132,BelowBasic,2.3,4
2021,Columbia,CENTRAL COLUMBIA SD,CENTRAL COLUMBIA SHS,Science,61,BelowBasic,1.6,1
2021,Columbia,COLUMBIA-MONTOUR AVTS,COLUMBIA-MONTOUR AVTS,Math,42,BelowBasic,2.4,2
2021,Columbia,MILLVILLE AREA SD,MILLVILLE AREA JSHS,Math,37,BelowBasic,13.5,5
2021,Columbia,SOUTHERN COLUMBIA AREA SD,SOUTHERN COLUMBIA HS,Math,100,BelowBasic,5,5
2021,Columbia,SOUTHERN COLUMBIA AREA SD,SOUTHERN COLUMBIA HS,English,99,BelowBasic,14.1,14
2021,Columbia,SUSQ-CYBER CS,SUSQ-CYBER CS,Math,16,BelowBasic,12.5,2
2021,Montour,DANVILLE AREA SD,DANVILLE AREA SHS,Math,128,BelowBasic,0.8,2
2021,Montour,DANVILLE AREA SD,DANVILLE AREA SHS,Science,59,BelowBasic,0,0
2022,State,,,Math,59247,Top,63.8,37800
2022,State,,,Math,23768,Top,34.9,8296
2022,State,,,Science,62545,Top,41.9,26207
2022,State,,,Science,32909,Top,25.1,8261
2022,State,,,English,102836,Top,64.9,66741
2022,State,,,English,47058,Top,44.9,21130
2022,Columbia,BENTON AREA SD,BENTON AREA HS,Math,16,Top,87.6,15
2022,Columbia,BENTON AREA SD,BENTON AREA HS,Science,24,Top,45.8,11
2022,Columbia,BENTON AREA SD,BENTON AREA HS,English,38,Top,52.699999999999996,21
2022,Columbia,BERWICK AREA SD,BERWICK AREA HS,Math,70,Top,77.19999999999999,55
2022,Columbia,BERWICK AREA SD,BERWICK AREA HS,Science,121,Top,23.2,29
2022,Columbia,BERWICK AREA SD,BERWICK AREA HS,English,135,Top,51.1,69
2022,Columbia,BLOOMSBURG AREA SD,BLOOMSBURG AREA HS,Math,45,Top,82.2,37
2022,Columbia,BLOOMSBURG AREA SD,BLOOMSBURG AREA HS,Science,37,Top,40.5,15
2022,Columbia,BLOOMSBURG AREA SD,BLOOMSBURG AREA HS,English,88,Top,78.39999999999999,69
2022,Columbia,CENTRAL COLUMBIA SD,CENTRAL COLUMBIA SHS,Math,92,Top,90.19999999999999,83
2022,Columbia,CENTRAL COLUMBIA SD,CENTRAL COLUMBIA SHS,Science,92,Top,42.400000000000006,40
2022,Columbia,CENTRAL COLUMBIA SD,CENTRAL COLUMBIA SHS,English,134,Top,68.7,93
2022,Columbia,COLUMBIA-MONTOUR AVTS,COLUMBIA-MONTOUR AVTS,Math,114,Top,22.8,26
2022,Columbia,COLUMBIA-MONTOUR AVTS,COLUMBIA-MONTOUR AVTS,Science,141,Top,27.6,39
2022,Columbia,COLUMBIA-MONTOUR AVTS,COLUMBIA-MONTOUR AVTS,English,144,Top,34,49
2022,Columbia,MILLVILLE AREA SD,MILLVILLE AREA JSHS,Math,11,Top,81.8,9
2022,Columbia,MILLVILLE AREA SD,MILLVILLE AREA JSHS,Science,30,Top,50,15
2022,Columbia,MILLVILLE AREA SD,MILLVILLE AREA JSHS,English,32,Top,68.69999999999999,22
2022,Columbia,SOUTHERN COLUMBIA AREA SD,SOUTHERN COLUMBIA HS,Math,43,Top,95.4,42
2022,Columbia,SOUTHERN COLUMBIA AREA SD,SOUTHERN COLUMBIA HS,Science,77,Top,55.9,44
2022,Columbia,SOUTHERN COLUMBIA AREA SD,SOUTHERN COLUMBIA HS,English,79,Top,81.10000000000001,65
2022,Columbia,SUSQ-CYBER CS,SUSQ-CYBER CS,English,11,Top,54.5,6
2022,Montour,DANVILLE AREA SD,DANVILLE AREA SHS,Math,108,Top,85.19999999999999,93
2022,Montour,DANVILLE AREA SD,DANVILLE AREA SHS,Science,82,Top,69.5,57
2022,Montour,DANVILLE AREA SD,DANVILLE AREA SHS,English,135,Top,87.4,118
2022,State,,,Math,59247,Advanced,36.4,21566
2022,State,,,Math,23768,Advanced,16,3803
2022,State,,,Science,62545,Advanced,13.9,8694
2022,State,,,Science,32909,Advanced,5.5,1810
2022,State,,,English,102836,Advanced,10.3,10593
2022,State,,,English,47058,Advanced,3.8,1789
2022,Columbia,BENTON AREA SD,BENTON AREA HS,Math,16,Advanced,68.8,12
2022,Columbia,BENTON AREA SD,BENTON AREA HS,Science,24,Advanced,8.3,2
2022,Columbia,BENTON AREA SD,BENTON AREA HS,English,38,Advanced,5.3,3
2022,Columbia,BERWICK AREA SD,BERWICK AREA HS,Math,70,Advanced,34.3,25
2022,Columbia,BERWICK AREA SD,BERWICK AREA HS,Science,121,Advanced,1.7,3
2022,Columbia,BERWICK AREA SD,BERWICK AREA HS,English,135,Advanced,0.7,1
2022,Columbia,BLOOMSBURG AREA SD,BLOOMSBURG AREA HS,Math,45,Advanced,68.9,32
2022,Columbia,BLOOMSBURG AREA SD,BLOOMSBURG AREA HS,Science,37,Advanced,16.2,6
2022,Columbia,BLOOMSBURG AREA SD,BLOOMSBURG AREA HS,English,88,Advanced,13.6,12
2022,Columbia,CENTRAL COLUMBIA SD,CENTRAL COLUMBIA SHS,Math,92,Advanced,54.3,50
2022,Columbia,CENTRAL COLUMBIA SD,CENTRAL COLUMBIA SHS,Science,92,Advanced,19.6,19
2022,Columbia,CENTRAL COLUMBIA SD,CENTRAL COLUMBIA SHS,English,134,Advanced,17.2,24
2022,Columbia,COLUMBIA-MONTOUR AVTS,COLUMBIA-MONTOUR AVTS,Math,114,Advanced,7.9,10
2022,Columbia,COLUMBIA-MONTOUR AVTS,COLUMBIA-MONTOUR AVTS,Science,141,Advanced,2.1,3
2022,Columbia,COLUMBIA-MONTOUR AVTS,COLUMBIA-MONTOUR AVTS,English,144,Advanced,0,0
2022,Columbia,MILLVILLE AREA SD,MILLVILLE AREA JSHS,Math,11,Advanced,9.1,2
2022,Columbia,MILLVILLE AREA SD,MILLVILLE AREA JSHS,Science,30,Advanced,10,3
2022,Columbia,MILLVILLE AREA SD,MILLVILLE AREA JSHS,English,32,Advanced,3.1,1
2022,Columbia,SOUTHERN COLUMBIA AREA SD,SOUTHERN COLUMBIA HS,Math,43,Advanced,62.8,28
2022,Columbia,SOUTHERN COLUMBIA AREA SD,SOUTHERN COLUMBIA HS,Science,77,Advanced,16.9,14
2022,Columbia,SOUTHERN COLUMBIA AREA SD,SOUTHERN COLUMBIA HS,English,79,Advanced,12.7,11
2022,Columbia,SUSQ-CYBER CS,SUSQ-CYBER CS,English,11,Advanced,0,0
2022,Montour,DANVILLE AREA SD,DANVILLE AREA SHS,Math,108,Advanced,46.3,51
2022,Montour,DANVILLE AREA SD,DANVILLE AREA SHS,Science,82,Advanced,23.2,20
2022,Montour,DANVILLE AREA SD,DANVILLE AREA SHS,English,135,Advanced,18.5,25
2022,State,,,Math,59247,Proficient,27.4,16234
2022,State,,,Math,23768,Proficient,18.9,4493
2022,State,,,Science,62545,Proficient,28,17513
2022,State,,,Science,32909,Proficient,19.6,6451
2022,State,,,English,102836,Proficient,54.6,56149
2022,State,,,English,47058,Proficient,41.1,19341
2022,Columbia,BENTON AREA SD,BENTON AREA HS,Math,16,Proficient,18.8,4
2022,Columbia,BENTON AREA SD,BENTON AREA HS,Science,24,Proficient,37.5,9
2022,Columbia,BENTON AREA SD,BENTON AREA HS,English,38,Proficient,47.4,19
2022,Columbia,BERWICK AREA SD,BERWICK AREA HS,Math,70,Proficient,42.9,31
2022,Columbia,BERWICK AREA SD,BERWICK AREA HS,Science,121,Proficient,21.5,27
2022,Columbia,BERWICK AREA SD,BERWICK AREA HS,English,135,Proficient,50.4,69
2022,Columbia,BLOOMSBURG AREA SD,BLOOMSBURG AREA HS,Math,45,Proficient,13.3,6
2022,Columbia,BLOOMSBURG AREA SD,BLOOMSBURG AREA HS,Science,37,Proficient,24.3,9
2022,Columbia,BLOOMSBURG AREA SD,BLOOMSBURG AREA HS,English,88,Proficient,64.8,58
2022,Columbia,CENTRAL COLUMBIA SD,CENTRAL COLUMBIA SHS,Math,92,Proficient,35.9,34
2022,Columbia,CENTRAL COLUMBIA SD,CENTRAL COLUMBIA SHS,Science,92,Proficient,22.8,21
2022,Columbia,CENTRAL COLUMBIA SD,CENTRAL COLUMBIA SHS,English,134,Proficient,51.5,70
2022,Columbia,COLUMBIA-MONTOUR AVTS,COLUMBIA-MONTOUR AVTS,Math,114,Proficient,14.9,17
2022,Columbia,COLUMBIA-MONTOUR AVTS,COLUMBIA-MONTOUR AVTS,Science,141,Proficient,25.5,36
2022,Columbia,COLUMBIA-MONTOUR AVTS,COLUMBIA-MONTOUR AVTS,English,144,Proficient,34,49
2022,Columbia,MILLVILLE AREA SD,MILLVILLE AREA JSHS,Math,11,Proficient,72.7,8
2022,Columbia,MILLVILLE AREA SD,MILLVILLE AREA JSHS,Science,30,Proficient,40,12
2022,Columbia,MILLVILLE AREA SD,MILLVILLE AREA JSHS,English,32,Proficient,65.6,21
2022,Columbia,SOUTHERN COLUMBIA AREA SD,SOUTHERN COLUMBIA HS,Math,43,Proficient,32.6,15
2022,Columbia,SOUTHERN COLUMBIA AREA SD,SOUTHERN COLUMBIA HS,Science,77,Proficient,39,31
2022,Columbia,SOUTHERN COLUMBIA AREA SD,SOUTHERN COLUMBIA HS,English,79,Proficient,68.4,55
2022,Columbia,SUSQ-CYBER CS,SUSQ-CYBER CS,English,11,Proficient,54.5,6
2022,Montour,DANVILLE AREA SD,DANVILLE AREA SHS,Math,108,Proficient,38.9,43
2022,Montour,DANVILLE AREA SD,DANVILLE AREA SHS,Science,82,Proficient,46.3,38
2022,Montour,DANVILLE AREA SD,DANVILLE AREA SHS,English,135,Proficient,68.9,94
2022,State,,,Math,59247,Basic,19.6,11613
2022,State,,,Math,23768,Basic,29.2,6941
2022,State,,,Science,62545,Basic,33.1,20703
2022,State,,,Science,32909,Basic,35.7,11749
2022,State,,,English,102836,Basic,23.9,24578
2022,State,,,English,47058,Basic,33.7,15859
2022,Columbia,BENTON AREA SD,BENTON AREA HS,Math,16,Basic,6.3,2
2022,Columbia,BENTON AREA SD,BENTON AREA HS,Science,24,Basic,33.3,8
2022,Columbia,BENTON AREA SD,BENTON AREA HS,English,38,Basic,31.6,13
2022,Columbia,BERWICK AREA SD,BERWICK AREA HS,Math,70,Basic,14.3,11
2022,Columbia,BERWICK AREA SD,BERWICK AREA HS,Science,121,Basic,47.1,57
2022,Columbia,BERWICK AREA SD,BERWICK AREA HS,English,135,Basic,31.1,42
2022,Columbia,BLOOMSBURG AREA SD,BLOOMSBURG AREA HS,Math,45,Basic,13.3,6
2022,Columbia,BLOOMSBURG AREA SD,BLOOMSBURG AREA HS,Science,37,Basic,43.2,16
2022,Columbia,BLOOMSBURG AREA SD,BLOOMSBURG AREA HS,English,88,Basic,19.3,17
2022,Columbia,CENTRAL COLUMBIA SD,CENTRAL COLUMBIA SHS,Math,92,Basic,8.7,9
2022,Columbia,CENTRAL COLUMBIA SD,CENTRAL COLUMBIA SHS,Science,92,Basic,46.7,43
2022,Columbia,CENTRAL COLUMBIA SD,CENTRAL COLUMBIA SHS,English,134,Basic,27.6,37
2022,Columbia,COLUMBIA-MONTOUR AVTS,COLUMBIA-MONTOUR AVTS,Math,114,Basic,50.9,59
2022,Columbia,COLUMBIA-MONTOUR AVTS,COLUMBIA-MONTOUR AVTS,Science,141,Basic,45.4,65
2022,Columbia,COLUMBIA-MONTOUR AVTS,COLUMBIA-MONTOUR AVTS,English,144,Basic,43.1,63
2022,Columbia,MILLVILLE AREA SD,MILLVILLE AREA JSHS,Math,11,Basic,9.1,2
2022,Columbia,MILLVILLE AREA SD,MILLVILLE AREA JSHS,Science,30,Basic,36.7,12
2022,Columbia,MILLVILLE AREA SD,MILLVILLE AREA JSHS,English,32,Basic,21.9,8
2022,Columbia,SOUTHERN COLUMBIA AREA SD,SOUTHERN COLUMBIA HS,Math,43,Basic,0,0
2022,Columbia,SOUTHERN COLUMBIA AREA SD,SOUTHERN COLUMBIA HS,Science,77,Basic,36.4,29
2022,Columbia,SOUTHERN COLUMBIA AREA SD,SOUTHERN COLUMBIA HS,English,79,Basic,15.2,13
2022,Columbia,SUSQ-CYBER CS,SUSQ-CYBER CS,English,11,Basic,27.3,4
2022,Montour,DANVILLE AREA SD,DANVILLE AREA SHS,Math,108,Basic,12,13
2022,Montour,DANVILLE AREA SD,DANVILLE AREA SHS,Science,82,Basic,25.6,21
2022,Montour,DANVILLE AREA SD,DANVILLE AREA SHS,English,135,Basic,11.1,15
2022,State,,,Math,59247,BelowBasic,16.6,9836
2022,State,,,Math,23768,BelowBasic,35.9,8533
2022,State,,,Science,62545,BelowBasic,25.1,15699
2022,State,,,Science,32909,BelowBasic,39.2,12901
2022,State,,,English,102836,BelowBasic,11.2,11518
2022,State,,,English,47058,BelowBasic,21.4,10071
2022,Columbia,BENTON AREA SD,BENTON AREA HS,Math,16,BelowBasic,6.3,2
2022,Columbia,BENTON AREA SD,BENTON AREA HS,Science,24,BelowBasic,20.8,5
2022,Columbia,BENTON AREA SD,BENTON AREA HS,English,38,BelowBasic,15.8,7
2022,Columbia,BERWICK AREA SD,BERWICK AREA HS,Math,70,BelowBasic,8.6,7
2022,Columbia,BERWICK AREA SD,BERWICK AREA HS,Science,121,BelowBasic,29.8,37
2022,Columbia,BERWICK AREA SD,BERWICK AREA HS,English,135,BelowBasic,17.8,25
2022,Columbia,BLOOMSBURG AREA SD,BLOOMSBURG AREA HS,Math,45,BelowBasic,4.4,2
2022,Columbia,BLOOMSBURG AREA SD,BLOOMSBURG AREA HS,Science,37,BelowBasic,16.2,6
2022,Columbia,BLOOMSBURG AREA SD,BLOOMSBURG AREA HS,English,88,BelowBasic,2.3,3
2022,Columbia,CENTRAL COLUMBIA SD,CENTRAL COLUMBIA SHS,Math,92,BelowBasic,1.1,2
2022,Columbia,CENTRAL COLUMBIA SD,CENTRAL COLUMBIA SHS,Science,92,BelowBasic,10.9,11
2022,Columbia,CENTRAL COLUMBIA SD,CENTRAL COLUMBIA SHS,English,134,BelowBasic,3.7,5
2022,Columbia,COLUMBIA-MONTOUR AVTS,COLUMBIA-MONTOUR AVTS,Math,114,BelowBasic,26.3,30
2022,Columbia,COLUMBIA-MONTOUR AVTS,COLUMBIA-MONTOUR AVTS,Science,141,BelowBasic,27,39
2022,Columbia,COLUMBIA-MONTOUR AVTS,COLUMBIA-MONTOUR AVTS,English,144,BelowBasic,22.9,33
2022,Columbia,MILLVILLE AREA SD,MILLVILLE AREA JSHS,Math,11,BelowBasic,9.1,2
2022,Columbia,MILLVILLE AREA SD,MILLVILLE AREA JSHS,Science,30,BelowBasic,13.3,4
2022,Columbia,MILLVILLE AREA SD,MILLVILLE AREA JSHS,English,32,BelowBasic,9.4,4
2022,Columbia,SOUTHERN COLUMBIA AREA SD,SOUTHERN COLUMBIA HS,Math,43,BelowBasic,4.7,3
2022,Columbia,SOUTHERN COLUMBIA AREA SD,SOUTHERN COLUMBIA HS,Science,77,BelowBasic,7.8,7
2022,Columbia,SOUTHERN COLUMBIA AREA SD,SOUTHERN COLUMBIA HS,English,79,BelowBasic,3.8,4
2022,Columbia,SUSQ-CYBER CS,SUSQ-CYBER CS,English,11,BelowBasic,18.2,3
2022,Montour,DANVILLE AREA SD,DANVILLE AREA SHS,Math,108,BelowBasic,2.8,4
2022,Montour,DANVILLE AREA SD,DANVILLE AREA SHS,Science,82,BelowBasic,4.9,5
2022,Montour,DANVILLE AREA SD,DANVILLE AREA SHS,English,135,BelowBasic,1.5,3
